[{"model": "admin_interface.theme", "pk": 1, "fields": {"name": "Default", "active": false, "title": "Django administration", "title_color": "#F5DD5D", "title_visible": true, "logo": "", "logo_color": "#FFFFFF", "logo_visible": true, "favicon": "", "env_name": "", "env_color": "#E74C3C", "env_visible_in_header": true, "env_visible_in_favicon": true, "language_chooser_active": true, "language_chooser_display": "code", "css_header_background_color": "#0C4B33", "css_header_text_color": "#44B78B", "css_header_link_color": "#FFFFFF", "css_header_link_hover_color": "#C9F0DD", "css_module_background_color": "#44B78B", "css_module_text_color": "#FFFFFF", "css_module_link_color": "#FFFFFF", "css_module_link_hover_color": "#C9F0DD", "css_module_rounded_corners": true, "css_generic_link_color": "#0C3C26", "css_generic_link_hover_color": "#156641", "css_save_button_background_color": "#0C4B33", "css_save_button_background_hover_color": "#0C3C26", "css_save_button_text_color": "#FFFFFF", "css_delete_button_background_color": "#BA2121", "css_delete_button_background_hover_color": "#A41515", "css_delete_button_text_color": "#FFFFFF", "css": "", "related_modal_active": true, "related_modal_background_color": "#000000", "related_modal_background_opacity": "0.3", "related_modal_rounded_corners": true, "related_modal_close_button_visible": true, "list_filter_dropdown": false, "recent_actions_visible": true}}, {"model": "admin_interface.theme", "pk": 2, "fields": {"name": "Bootstrap", "active": true, "title": "E-Learning administration", "title_color": "#FFFFFF", "title_visible": true, "logo": "", "logo_color": "#E74C3C", "logo_visible": false, "favicon": "", "env_name": "E-Learning Monitoring System", "env_color": "#FFFFFF", "env_visible_in_header": false, "env_visible_in_favicon": false, "language_chooser_active": true, "language_chooser_display": "name", "css_header_background_color": "#93291E", "css_header_text_color": "#E1E1E1", "css_header_link_color": "#FFF1F1", "css_header_link_hover_color": "#AE8F85", "css_module_background_color": "#E74C3C", "css_module_text_color": "#FFFFFF", "css_module_link_color": "#FFFFFF", "css_module_link_hover_color": "#DDDDDD", "css_module_rounded_corners": true, "css_generic_link_color": "#3F3F3F", "css_generic_link_hover_color": "#9D9D9D", "css_save_button_background_color": "#5CB85C", "css_save_button_background_hover_color": "#449D44", "css_save_button_text_color": "#FFFFFF", "css_delete_button_background_color": "#D9534F", "css_delete_button_background_hover_color": "#C9302C", "css_delete_button_text_color": "#FFFFFF", "css": "", "related_modal_active": true, "related_modal_background_color": "#E74C3C", "related_modal_background_opacity": "0.2", "related_modal_rounded_corners": true, "related_modal_close_button_visible": true, "list_filter_dropdown": true, "recent_actions_visible": true}}, {"model": "contenttypes.contenttype", "pk": 1, "fields": {"app_label": "admin", "model": "logentry"}}, {"model": "contenttypes.contenttype", "pk": 2, "fields": {"app_label": "auth", "model": "permission"}}, {"model": "contenttypes.contenttype", "pk": 3, "fields": {"app_label": "auth", "model": "group"}}, {"model": "contenttypes.contenttype", "pk": 4, "fields": {"app_label": "auth", "model": "user"}}, {"model": "contenttypes.contenttype", "pk": 5, "fields": {"app_label": "contenttypes", "model": "contenttype"}}, {"model": "contenttypes.contenttype", "pk": 6, "fields": {"app_label": "sessions", "model": "session"}}, {"model": "contenttypes.contenttype", "pk": 7, "fields": {"app_label": "members", "model": "compliantcourse"}}, {"model": "contenttypes.contenttype", "pk": 8, "fields": {"app_label": "members", "model": "course"}}, {"model": "contenttypes.contenttype", "pk": 9, "fields": {"app_label": "members", "model": "employee"}}, {"model": "contenttypes.contenttype", "pk": 10, "fields": {"app_label": "members", "model": "manager"}}, {"model": "contenttypes.contenttype", "pk": 11, "fields": {"app_label": "members", "model": "section"}}, {"model": "contenttypes.contenttype", "pk": 12, "fields": {"app_label": "admin_interface", "model": "theme"}}, {"model": "sessions.session", "pk": "233acz1u79wt34e2c0b8ugc6gomfh5ic", "fields": {"session_data": "MGEyM2RlZWM0NGU2NDM3MDBiMDYzNjJkOGZjMWFmMzg5MTdiZTE2OTp7ImNvdXJzZV9pZCI6IjE0IiwiY291cnNlX3RpdGxlIjoiVGhlIEFCQyBvZiBTeXN0ZW0gZGV2ZWxvcG1lbnQiLCJfYXV0aF91c2VyX2lkIjoiMSIsIl9hdXRoX3VzZXJfYmFja2VuZCI6ImRqYW5nby5jb250cmliLmF1dGguYmFja2VuZHMuTW9kZWxCYWNrZW5kIiwiX2F1dGhfdXNlcl9oYXNoIjoiMjAzOWVkMDU1NzkyOGU1YzRmOTA5NzJjMjk3YmVlMzczN2U4ZTM1OSJ9", "expire_date": "2020-04-24T14:32:10.960Z"}}, {"model": "sessions.session", "pk": "5aa45tyy5yc7skfrdbqsfj3feaencsmo", "fields": {"session_data": "ZWQxZWRkYTQ3YWU1NmM3NjNkNGJmNTkxNDFmNjc0OGI1MmU0ZDQwNDp7Il9hdXRoX3VzZXJfaWQiOiIxIiwiX2F1dGhfdXNlcl9iYWNrZW5kIjoiZGphbmdvLmNvbnRyaWIuYXV0aC5iYWNrZW5kcy5Nb2RlbEJhY2tlbmQiLCJfYXV0aF91c2VyX2hhc2giOiJhMjA0OWJjZWMwOTQ5YjBhMzE2YTk4MWM4MTNkOTE5NjhiNzQ3ZDBiIiwiY291cnNlX2lkIjoiMTUiLCJjb3Vyc2VfdGl0bGUiOiJCYXNpY3Mgb2YgcmV2aWV3IGFuZCB0ZXN0IFRlY2huaXF1ZXMgZm9yIHByb2dyYW0gZGV2ZWxvcG1lbnQifQ==", "expire_date": "2020-04-25T02:58:12.986Z"}}, {"model": "sessions.session", "pk": "gzym0riih762xtb0o99uhu3obdqqx8ut", "fields": {"session_data": "ZDRhZDIzNDhkYTE2ZTBhMjFhYmE0MTExZTY3MGRkZGRhMDkyMjFlYzp7ImNvdXJzZV9pZCI6IjkiLCJjb3Vyc2VfdGl0bGUiOiJEb2NrZXIgYW5kIFdpbmRvd3MiLCJfYXV0aF91c2VyX2lkIjoiMSIsIl9hdXRoX3VzZXJfYmFja2VuZCI6ImRqYW5nby5jb250cmliLmF1dGguYmFja2VuZHMuTW9kZWxCYWNrZW5kIiwiX2F1dGhfdXNlcl9oYXNoIjoiMjAzOWVkMDU1NzkyOGU1YzRmOTA5NzJjMjk3YmVlMzczN2U4ZTM1OSJ9", "expire_date": "2020-04-24T02:45:22.782Z"}}, {"model": "sessions.session", "pk": "niu0dxxwppx8fblmtusb6fgif81221pi", "fields": {"session_data": "NjhmYTQwMWZjY2IxNWMzZjY1MTcwMmFjNzdmYjFhNTlhYjUxYmYxODp7Il9hdXRoX3VzZXJfaWQiOiIxIiwiX2F1dGhfdXNlcl9iYWNrZW5kIjoiZGphbmdvLmNvbnRyaWIuYXV0aC5iYWNrZW5kcy5Nb2RlbEJhY2tlbmQiLCJfYXV0aF91c2VyX2hhc2giOiIyMDM5ZWQwNTU3OTI4ZTVjNGY5MDk3MmMyOTdiZWUzNzM3ZThlMzU5IiwiY291cnNlX2lkIjoiOSIsImNvdXJzZV90aXRsZSI6IkRvY2tlciBhbmQgV2luZG93cyJ9", "expire_date": "2020-04-24T02:46:59.894Z"}}, {"model": "members.section", "pk": 1, "fields": {"name": "AppsDev MNL"}}, {"model": "members.section", "pk": 2, "fields": {"name": "AppsDev CEBU"}}, {"model": "members.section", "pk": 3, "fields": {"name": "G3CC"}}, {"model": "members.section", "pk": 4, "fields": {"name": "WSJ"}}, {"model": "members.manager", "pk": 1, "fields": {"given_name": "Love Joy", "surname": "Ramos"}}, {"model": "members.employee", "pk": 1, "fields": {"employee_id": 220054288, "surname": "Abad", "given_name": "Kenneth", "email_add": "k.abad@fujitsu.com", "section_id": 2, "manager_id": 1, "status": true}}, {"model": "members.employee", "pk": 2, "fields": {"employee_id": 220004034, "surname": "Advincula", "given_name": "Nicolas", "email_add": "n.advincula@fujitsu.com", "section_id": 2, "manager_id": 1, "status": true}}, {"model": "members.employee", "pk": 3, "fields": {"employee_id": 220045653, "surname": "Agcaoili", "given_name": "Leah Melissa", "email_add": "l.agcaoili@fujitsu.com", "section_id": 2, "manager_id": 1, "status": true}}, {"model": "members.employee", "pk": 4, "fields": {"employee_id": 220033868, "surname": "Aguipo", "given_name": "Christopher", "email_add": "c.aguipo@fujitsu.com", "section_id": 2, "manager_id": 1, "status": true}}, {"model": "members.employee", "pk": 5, "fields": {"employee_id": 915002472, "surname": "Alba", "given_name": "Trixie Mhae Anne", "email_add": "t.alba@fujitsu.com", "section_id": 2, "manager_id": 1, "status": true}}, {"model": "members.employee", "pk": 6, "fields": {"employee_id": 220050976, "surname": "Alberto", "given_name": "Lawrence", "email_add": "l.alberto@fujitsu.com", "section_id": 2, "manager_id": 1, "status": true}}, {"model": "members.employee", "pk": 7, "fields": {"employee_id": 220008123, "surname": "Alonzo", "given_name": "Mara Carmela", "email_add": "m.alonzo@fujitsu.com", "section_id": 2, "manager_id": 1, "status": true}}, {"model": "members.employee", "pk": 8, "fields": {"employee_id": 220002267, "surname": "Andrade", "given_name": "Edralyn Lorenz", "email_add": "e.andrade@fujitsu.com", "section_id": 2, "manager_id": 1, "status": true}}, {"model": "members.employee", "pk": 9, "fields": {"employee_id": 220053488, "surname": "Angara", "given_name": "Mary Rose", "email_add": "m.angara@fujitsu.com", "section_id": 2, "manager_id": 1, "status": true}}, {"model": "members.employee", "pk": 10, "fields": {"employee_id": 220005430, "surname": "Anonas", "given_name": "Noel", "email_add": "n.anonas@fujitsu.com", "section_id": 2, "manager_id": 1, "status": true}}, {"model": "members.employee", "pk": 11, "fields": {"employee_id": 220041020, "surname": "Avila", "given_name": "Marver", "email_add": "m.avila@fujitsu.com", "section_id": 2, "manager_id": 1, "status": true}}, {"model": "members.employee", "pk": 12, "fields": {"employee_id": 915000292, "surname": "Azanza", "given_name": "Johann", "email_add": "j.azanza@fujitsu.com", "section_id": 2, "manager_id": 1, "status": true}}, {"model": "members.employee", "pk": 13, "fields": {"employee_id": 220003249, "surname": "Bacwaden", "given_name": "Geraldine", "email_add": "g.bacwaden@fujitsu.com", "section_id": 2, "manager_id": 1, "status": true}}, {"model": "members.employee", "pk": 14, "fields": {"employee_id": 220053490, "surname": "Balanon", "given_name": "Jenalyn", "email_add": "j.balanon@fujitsu.com", "section_id": 2, "manager_id": 1, "status": true}}, {"model": "members.employee", "pk": 15, "fields": {"employee_id": 220023300, "surname": "Barnido", "given_name": "John Renz", "email_add": "j.barnido@fujitsu.com", "section_id": 2, "manager_id": 1, "status": true}}, {"model": "members.employee", "pk": 16, "fields": {"employee_id": 220002256, "surname": "Batongbacal", "given_name": "Aevan Camille", "email_add": "a.batongbacal@fujitsu.com", "section_id": 2, "manager_id": 1, "status": true}}, {"model": "members.employee", "pk": 17, "fields": {"employee_id": 220007907, "surname": "Bautista", "given_name": "Terrence Jonathan", "email_add": "tj.bautista@fujitsu.com", "section_id": 2, "manager_id": 1, "status": true}}, {"model": "members.employee", "pk": 18, "fields": {"employee_id": 220023500, "surname": "Belaos", "given_name": "Jamie Loren", "email_add": "j.belaos@fujitsu.com", "section_id": 2, "manager_id": 1, "status": true}}, {"model": "members.employee", "pk": 19, "fields": {"employee_id": 220005469, "surname": "Bueno", "given_name": "Engelbert", "email_add": "e.bueno@fujitsu.com", "section_id": 2, "manager_id": 1, "status": true}}, {"model": "members.employee", "pk": 20, "fields": {"employee_id": 915011765, "surname": "Buitizon", "given_name": "Sherry", "email_add": "s.buitizon@fujitsu.com", "section_id": 2, "manager_id": 1, "status": true}}, {"model": "members.employee", "pk": 21, "fields": {"employee_id": 220053697, "surname": "Cabiling", "given_name": "Glenda", "email_add": "g.cabiling@fujitsu.com", "section_id": 2, "manager_id": 1, "status": true}}, {"model": "members.employee", "pk": 22, "fields": {"employee_id": 915000254, "surname": "Caccam", "given_name": "Cherryl", "email_add": "c.caccam@fujitsu.com", "section_id": 2, "manager_id": 1, "status": true}}, {"model": "members.employee", "pk": 23, "fields": {"employee_id": 915011578, "surname": "Cariaga", "given_name": "Achilles", "email_add": "a.cariaga@fujitsu.com", "section_id": 2, "manager_id": 1, "status": true}}, {"model": "members.employee", "pk": 24, "fields": {"employee_id": 915011557, "surname": "Catalma", "given_name": "Anna Marie", "email_add": "a.catalma@fujitsu.com", "section_id": 2, "manager_id": 1, "status": true}}, {"model": "members.employee", "pk": 25, "fields": {"employee_id": 0, "surname": "Chamorro", "given_name": "Maria Ana", "email_add": "a.chamorro@ph.fujitsu.com", "section_id": 2, "manager_id": 1, "status": true}}, {"model": "members.employee", "pk": 26, "fields": {"employee_id": 915011551, "surname": "Collado", "given_name": "Rongem", "email_add": "rp.collado@fujitsu.com", "section_id": 2, "manager_id": 1, "status": true}}, {"model": "members.employee", "pk": 27, "fields": {"employee_id": 220006273, "surname": "Cruz", "given_name": "Clara Denise", "email_add": "cd.cruz@fujitsu.com", "section_id": 2, "manager_id": 1, "status": true}}, {"model": "members.employee", "pk": 28, "fields": {"employee_id": 220045134, "surname": "Dacanay", "given_name": "Michelle", "email_add": "m.dacanay@fujitsu.com", "section_id": 2, "manager_id": 1, "status": true}}, {"model": "members.employee", "pk": 29, "fields": {"employee_id": 915012086, "surname": "De Dios", "given_name": "Ralph Darrell", "email_add": "r.dedios@fujitsu.com", "section_id": 2, "manager_id": 1, "status": true}}, {"model": "members.employee", "pk": 30, "fields": {"employee_id": 220053486, "surname": "De Guzman", "given_name": "Jeamel", "email_add": "jm.deguzman@fujitsu.com", "section_id": 2, "manager_id": 1, "status": true}}, {"model": "members.employee", "pk": 31, "fields": {"employee_id": 915011619, "surname": "Dejaresco", "given_name": "John Carlo", "email_add": "j.dejaresco@ph.fujitsu.com", "section_id": 2, "manager_id": 1, "status": true}}, {"model": "members.employee", "pk": 32, "fields": {"employee_id": 220003254, "surname": "Del Rosario", "given_name": "Patrick", "email_add": "p.delrosario@fujitsu.com", "section_id": 2, "manager_id": 1, "status": true}}, {"model": "members.employee", "pk": 33, "fields": {"employee_id": 220021777, "surname": "Diaz", "given_name": "Francis Louie", "email_add": "francis.diaz@fujitsu.com", "section_id": 2, "manager_id": 1, "status": true}}, {"model": "members.employee", "pk": 34, "fields": {"employee_id": 220005468, "surname": "Diaz", "given_name": "Jason", "email_add": "jm.diaz@fujitsu.com", "section_id": 2, "manager_id": 1, "status": true}}, {"model": "members.employee", "pk": 35, "fields": {"employee_id": 220002123, "surname": "Dy", "given_name": "Nadine Wendy", "email_add": "nw.dy@fujitsu.com", "section_id": 2, "manager_id": 1, "status": true}}, {"model": "members.employee", "pk": 36, "fields": {"employee_id": 220002213, "surname": "Endo", "given_name": "Oki", "email_add": "o.endo@fujitsu.com", "section_id": 2, "manager_id": 1, "status": true}}, {"model": "members.employee", "pk": 37, "fields": {"employee_id": 220046859, "surname": "Evardone", "given_name": "Kevin Eric", "email_add": "k.evardone@fujitsu.com", "section_id": 2, "manager_id": 1, "status": true}}, {"model": "members.employee", "pk": 38, "fields": {"employee_id": 220002308, "surname": "Francisco", "given_name": "Hiroshi", "email_add": "h.francisco@fujitsu.com", "section_id": 2, "manager_id": 1, "status": true}}, {"model": "members.employee", "pk": 39, "fields": {"employee_id": 220053572, "surname": "Freo", "given_name": "Kristine Faith", "email_add": "k.freo@fujitsu.com", "section_id": 2, "manager_id": 1, "status": true}}, {"model": "members.employee", "pk": 40, "fields": {"employee_id": 220027289, "surname": "Garcia", "given_name": "John Raymund", "email_add": "jr.garcia@fujitsu.com", "section_id": 2, "manager_id": 1, "status": true}}, {"model": "members.employee", "pk": 41, "fields": {"employee_id": 915011783, "surname": "Gaspi", "given_name": "Candice Anne", "email_add": "c.gaspi@fujitsu.com", "section_id": 2, "manager_id": 1, "status": true}}, {"model": "members.employee", "pk": 42, "fields": {"employee_id": 220008122, "surname": "Geva\u00f1a", "given_name": "Nikki Rose", "email_add": "nr.gevana@fujitsu.com", "section_id": 2, "manager_id": 1, "status": true}}, {"model": "members.employee", "pk": 43, "fields": {"employee_id": 915011554, "surname": "Gonzales", "given_name": "Joshua", "email_add": "j.gonzales@fujitsu.com", "section_id": 2, "manager_id": 1, "status": true}}, {"model": "members.employee", "pk": 44, "fields": {"employee_id": 915012085, "surname": "Guisijan", "given_name": "Sonny Francis", "email_add": "s.guisijan@fujitsu.com", "section_id": 2, "manager_id": 1, "status": true}}, {"model": "members.employee", "pk": 45, "fields": {"employee_id": 915011640, "surname": "Holgado", "given_name": "Jonathan", "email_add": "j.holgado@fujitsu.com", "section_id": 2, "manager_id": 1, "status": true}}, {"model": "members.employee", "pk": 46, "fields": {"employee_id": 220019237, "surname": "Hukom", "given_name": "Kevin Allan", "email_add": "k.hukom@ph.fujitsu.com", "section_id": 2, "manager_id": 1, "status": true}}, {"model": "members.employee", "pk": 47, "fields": {"employee_id": 0, "surname": "Inage", "given_name": "Yuya", "email_add": "yu.inage@fujitsu.com", "section_id": 2, "manager_id": 1, "status": true}}, {"model": "members.employee", "pk": 48, "fields": {"employee_id": 220005422, "surname": "Isobe", "given_name": "Koichi", "email_add": "k.isobe@fujitsu.com", "section_id": 2, "manager_id": 1, "status": true}}, {"model": "members.employee", "pk": 49, "fields": {"employee_id": 220053693, "surname": "Iwarat", "given_name": "Jhon Harvey", "email_add": "j.iwarat@fujitsu.com", "section_id": 2, "manager_id": 1, "status": true}}, {"model": "members.employee", "pk": 50, "fields": {"employee_id": 220054425, "surname": "Jimenez", "given_name": "John Carlo", "email_add": "jc.jimenez@fujitsu.com", "section_id": 2, "manager_id": 1, "status": true}}, {"model": "members.employee", "pk": 51, "fields": {"employee_id": 220021629, "surname": "Katre", "given_name": "Preeti", "email_add": "p.katre@fujitsu.com", "section_id": 2, "manager_id": 1, "status": true}}, {"model": "members.employee", "pk": 52, "fields": {"employee_id": 220022706, "surname": "Kodachi", "given_name": "Yuri", "email_add": "y.kodachi@fujitsu.com", "section_id": 2, "manager_id": 1, "status": true}}, {"model": "members.employee", "pk": 53, "fields": {"employee_id": 220053485, "surname": "Lacanlalay", "given_name": "Arvin", "email_add": "a.lacanlalay@fujitsu.com", "section_id": 2, "manager_id": 1, "status": true}}, {"model": "members.employee", "pk": 54, "fields": {"employee_id": 915012116, "surname": "Lapira", "given_name": "Clynis", "email_add": "c.lapira@fujitsu.com", "section_id": 2, "manager_id": 1, "status": true}}, {"model": "members.employee", "pk": 55, "fields": {"employee_id": 915000146, "surname": "Lapira", "given_name": "Leodegario Jr.", "email_add": "l.lapira@fujitsu.com", "section_id": 2, "manager_id": 1, "status": true}}, {"model": "members.employee", "pk": 56, "fields": {"employee_id": 915011676, "surname": "Laruan", "given_name": "Claribelle", "email_add": "c.laruan@fujitsu.com", "section_id": 2, "manager_id": 1, "status": true}}, {"model": "members.employee", "pk": 57, "fields": {"employee_id": 915000108, "surname": "Latade", "given_name": "Realiza", "email_add": "r.latade@fujitsu.com", "section_id": 2, "manager_id": 1, "status": true}}, {"model": "members.employee", "pk": 58, "fields": {"employee_id": 220023005, "surname": "Latosa", "given_name": "Ma. Gizelle", "email_add": "m.latosa@fujitsu.com", "section_id": 2, "manager_id": 1, "status": true}}, {"model": "members.employee", "pk": 59, "fields": {"employee_id": 220036606, "surname": "Leyritana", "given_name": "Julienne", "email_add": "j.leyritana@fujitsu.com", "section_id": 2, "manager_id": 1, "status": true}}, {"model": "members.employee", "pk": 60, "fields": {"employee_id": 220027300, "surname": "Lim", "given_name": "Rainer John", "email_add": "rs.lim@fujitsu.com", "section_id": 2, "manager_id": 1, "status": true}}, {"model": "members.employee", "pk": 61, "fields": {"employee_id": 220023096, "surname": "Lim", "given_name": "Richard", "email_add": "r.lim@fujitsu.com", "section_id": 2, "manager_id": 1, "status": true}}, {"model": "members.employee", "pk": 62, "fields": {"employee_id": 220053489, "surname": "Lumontad", "given_name": "Mark Evan", "email_add": "m.lumontad@fujitsu.com", "section_id": 2, "manager_id": 1, "status": true}}, {"model": "members.employee", "pk": 63, "fields": {"employee_id": 0, "surname": "Mabale", "given_name": "Geraldine", "email_add": "g.mabale@fujitsu.com", "section_id": 2, "manager_id": 1, "status": true}}, {"model": "members.employee", "pk": 64, "fields": {"employee_id": 220053696, "surname": "Macabugao", "given_name": "Janella Marie", "email_add": "j.macabugao@fujitsu.com", "section_id": 2, "manager_id": 1, "status": true}}, {"model": "members.employee", "pk": 65, "fields": {"employee_id": 220038517, "surname": "Marasigan", "given_name": "Rommel", "email_add": "r.marasigan@fujitsu.com", "section_id": 2, "manager_id": 1, "status": true}}, {"model": "members.employee", "pk": 66, "fields": {"employee_id": 220043147, "surname": "Martin", "given_name": "John Daniel", "email_add": "jm.martin@fujitsu.com", "section_id": 2, "manager_id": 1, "status": true}}, {"model": "members.employee", "pk": 67, "fields": {"employee_id": 915000823, "surname": "Mendoza", "given_name": "Ariane Rose", "email_add": "a.mendoza@fujitsu.com", "section_id": 2, "manager_id": 1, "status": true}}, {"model": "members.employee", "pk": 68, "fields": {"employee_id": 220041010, "surname": "Miraballes", "given_name": "Ma. Ana Casandra", "email_add": "m.miraballes@fujitsu.com", "section_id": 2, "manager_id": 1, "status": true}}, {"model": "members.employee", "pk": 69, "fields": {"employee_id": 220053484, "surname": "Montemayor", "given_name": "Joshua", "email_add": "j.montemayor@fujitsu.com", "section_id": 2, "manager_id": 1, "status": true}}, {"model": "members.employee", "pk": 70, "fields": {"employee_id": 220022705, "surname": "Narciso", "given_name": "Danica Sharon", "email_add": "d.narciso@ph.fujitsu.com", "section_id": 2, "manager_id": 1, "status": true}}, {"model": "members.employee", "pk": 71, "fields": {"employee_id": 220047481, "surname": "Nuguit", "given_name": "Donna", "email_add": "d.nuguit@fujitsu.com", "section_id": 2, "manager_id": 1, "status": true}}, {"model": "members.employee", "pk": 72, "fields": {"employee_id": 220005582, "surname": "Ocampo", "given_name": "Melvin", "email_add": "m.ocampo@fujitsu.com", "section_id": 2, "manager_id": 1, "status": true}}, {"model": "members.employee", "pk": 73, "fields": {"employee_id": 220005517, "surname": "Opo", "given_name": "Alfie", "email_add": "a.opo@fujitsu.com", "section_id": 2, "manager_id": 1, "status": true}}, {"model": "members.employee", "pk": 74, "fields": {"employee_id": 915000101, "surname": "Orevillo", "given_name": "Gem", "email_add": "g.orevillo@fujitsu.com", "section_id": 2, "manager_id": 1, "status": true}}, {"model": "members.employee", "pk": 75, "fields": {"employee_id": 220053694, "surname": "Oviedo", "given_name": "Thomas Ludwig", "email_add": "t.oviedo@fujitsu.com", "section_id": 2, "manager_id": 1, "status": true}}, {"model": "members.employee", "pk": 76, "fields": {"employee_id": 220045654, "surname": "Pablo", "given_name": "Lorenzo", "email_add": "l.pablo@fujitsu.com", "section_id": 2, "manager_id": 1, "status": true}}, {"model": "members.employee", "pk": 77, "fields": {"employee_id": 915011778, "surname": "Panganiban", "given_name": "Nerissa", "email_add": "n.panganiban@fujitsu.com", "section_id": 2, "manager_id": 1, "status": true}}, {"model": "members.employee", "pk": 78, "fields": {"employee_id": 915000273, "surname": "Panganiban", "given_name": "Teresa", "email_add": "t.panganiban@fujitsu.com", "section_id": 2, "manager_id": 1, "status": true}}, {"model": "members.employee", "pk": 79, "fields": {"employee_id": 220004720, "surname": "Patungan", "given_name": "Raymond", "email_add": "rf.patungan@fujitsu.com", "section_id": 2, "manager_id": 1, "status": true}}, {"model": "members.employee", "pk": 80, "fields": {"employee_id": 915011606, "surname": "Pineda", "given_name": "Vicente Dominic", "email_add": "v.pineda@fujitsu.com", "section_id": 2, "manager_id": 1, "status": true}}, {"model": "members.employee", "pk": 81, "fields": {"employee_id": 915012055, "surname": "Quintia", "given_name": "Jan Michael", "email_add": "j.quintia@fujitsu.com", "section_id": 2, "manager_id": 1, "status": true}}, {"model": "members.employee", "pk": 82, "fields": {"employee_id": 915000820, "surname": "Ramos", "given_name": "Love Joy", "email_add": "l.ramos@fujitsu.com", "section_id": 2, "manager_id": 1, "status": true}}, {"model": "members.employee", "pk": 83, "fields": {"employee_id": 220053491, "surname": "Ramos", "given_name": "Ramon", "email_add": "r.ramos@fujitsu.com", "section_id": 2, "manager_id": 1, "status": true}}, {"model": "members.employee", "pk": 84, "fields": {"employee_id": 220006742, "surname": "Reyes", "given_name": "Anna Marie", "email_add": "am.reyes@fujitsu.com", "section_id": 2, "manager_id": 1, "status": true}}, {"model": "members.employee", "pk": 85, "fields": {"employee_id": 220005467, "surname": "Rimando", "given_name": "Marian Angelica", "email_add": "m.rimando@fujitsu.com", "section_id": 2, "manager_id": 1, "status": true}}, {"model": "members.employee", "pk": 86, "fields": {"employee_id": 220054449, "surname": "Rivera", "given_name": "Michael John", "email_add": "m.rivera@fujitsu.com", "section_id": 2, "manager_id": 1, "status": true}}, {"model": "members.employee", "pk": 87, "fields": {"employee_id": 220045332, "surname": "Rodil", "given_name": "Michael Carlo", "email_add": "m.rodil@fujitsu.com", "section_id": 2, "manager_id": 1, "status": true}}, {"model": "members.employee", "pk": 88, "fields": {"employee_id": 915000274, "surname": "Rodillas", "given_name": "Elaine", "email_add": "e.rodillas@fujitsu.com", "section_id": 2, "manager_id": 1, "status": true}}, {"model": "members.employee", "pk": 89, "fields": {"employee_id": 915011690, "surname": "Sabang", "given_name": "Dave Lawrence", "email_add": "d.sabang@fujitsu.com", "section_id": 2, "manager_id": 1, "status": true}}, {"model": "members.employee", "pk": 90, "fields": {"employee_id": 915011801, "surname": "Sakuma", "given_name": "Maria Thea Eri", "email_add": "m.sakuma@fujitsu.com", "section_id": 2, "manager_id": 1, "status": true}}, {"model": "members.employee", "pk": 91, "fields": {"employee_id": 220021487, "surname": "Salavia", "given_name": "Tom Jan", "email_add": "t.salavia@fujitsu.com", "section_id": 2, "manager_id": 1, "status": true}}, {"model": "members.employee", "pk": 92, "fields": {"employee_id": 220004853, "surname": "San Andres", "given_name": "Thimoty Paul", "email_add": "t.sanandres@fujitsu.com", "section_id": 2, "manager_id": 1, "status": true}}, {"model": "members.employee", "pk": 93, "fields": {"employee_id": 220004850, "surname": "San Gabriel", "given_name": "Glen Richard", "email_add": "g.sangabriel@ph.fujitsu.com", "section_id": 2, "manager_id": 1, "status": true}}, {"model": "members.employee", "pk": 94, "fields": {"employee_id": 220041012, "surname": "San Luis", "given_name": "Pamela Lizelle", "email_add": "p.sanluis@fujitsu.com", "section_id": 2, "manager_id": 1, "status": true}}, {"model": "members.employee", "pk": 95, "fields": {"employee_id": 915002010, "surname": "Sante", "given_name": "John Patrick", "email_add": "j.sante@fujitsu.com", "section_id": 2, "manager_id": 1, "status": true}}, {"model": "members.employee", "pk": 96, "fields": {"employee_id": 220002121, "surname": "Sardeng", "given_name": "Joseph", "email_add": "j.sardeng@fujitsu.com", "section_id": 2, "manager_id": 1, "status": false}}, {"model": "members.employee", "pk": 97, "fields": {"employee_id": 915002035, "surname": "Seco-Mijares", "given_name": "Avegail", "email_add": "a.seco@fujitsu.com", "section_id": 2, "manager_id": 1, "status": false}}, {"model": "members.employee", "pk": 98, "fields": {"employee_id": 220045135, "surname": "Se\u00f1oran", "given_name": "John Eduardo", "email_add": "j.senoran@fujitsu.com", "section_id": 2, "manager_id": 1, "status": false}}, {"model": "members.employee", "pk": 99, "fields": {"employee_id": 915000609, "surname": "Serrano", "given_name": "Arman", "email_add": "a.serrano_d@fujitsu.com", "section_id": 2, "manager_id": 1, "status": false}}, {"model": "members.employee", "pk": 100, "fields": {"employee_id": 220002219, "surname": "Serrano", "given_name": "Rodolfo Gerardo Leon III", "email_add": "rodolfo.serrano@ph.fujitsu.com", "section_id": 2, "manager_id": 1, "status": false}}, {"model": "members.employee", "pk": 101, "fields": {"employee_id": 220005581, "surname": "Sikay", "given_name": "Angelo", "email_add": "a.sikay@fujitsu.com", "section_id": 2, "manager_id": 1, "status": false}}, {"model": "members.employee", "pk": 102, "fields": {"employee_id": 220007267, "surname": "Sy", "given_name": "Tim Ellery", "email_add": "ty.sy@fujitsu.com", "section_id": 2, "manager_id": 1, "status": false}}, {"model": "members.employee", "pk": 103, "fields": {"employee_id": 915001906, "surname": "Tablizo", "given_name": "Thea", "email_add": "t.tablizo@fujitsu.com", "section_id": 2, "manager_id": 1, "status": false}}, {"model": "members.employee", "pk": 104, "fields": {"employee_id": 915002131, "surname": "Tamayo-Vapor", "given_name": "Gerly", "email_add": "g.tamayo@fujitsu.com", "section_id": 2, "manager_id": 1, "status": false}}, {"model": "members.employee", "pk": 105, "fields": {"employee_id": 220044553, "surname": "Tatel", "given_name": "Andy", "email_add": "a.tatel@ph.fujitsu.com", "section_id": 2, "manager_id": 1, "status": false}}, {"model": "members.employee", "pk": 106, "fields": {"employee_id": 220022604, "surname": "Tobias", "given_name": "Aissa Zarina", "email_add": "a.tobias@fujitsu.com", "section_id": 2, "manager_id": 1, "status": false}}, {"model": "members.employee", "pk": 107, "fields": {"employee_id": 915011604, "surname": "Tradel III", "given_name": "Lorenzo", "email_add": "l.tradel@ph.fujitsu.com", "section_id": 2, "manager_id": 1, "status": false}}, {"model": "members.employee", "pk": 108, "fields": {"employee_id": 220006274, "surname": "Vargas", "given_name": "John Albert", "email_add": "ja.vargas@fujitsu.com", "section_id": 2, "manager_id": 1, "status": false}}, {"model": "members.employee", "pk": 109, "fields": {"employee_id": 220053487, "surname": "Yu", "given_name": "Jhaisy Jade", "email_add": "j.yu@fujitsu.com", "section_id": 2, "manager_id": 1, "status": false}}, {"model": "members.employee", "pk": 110, "fields": {"employee_id": 220053049, "surname": "Coral", "given_name": "Mylene", "email_add": "m.coral@fujitsu.com", "section_id": 2, "manager_id": 1, "status": false}}, {"model": "members.course", "pk": 14, "fields": {"url": "https://fujitsu.sabacloud.com/Saba/Web_spf/EU2PRD0036/app/shared;spf-url=common%2Fleclassdetail%2Fregdw000000001549582%3Fcontext%3Duser&learnerId%3Demplo000000000112333", "date_created": "2020-04-10", "completion_date": "2020-04-10", "title": "The ABC of System development", "class_id": "OS_DKWS_A02_IT_ENUS", "status": "1", "class_description": "jhgkjhjjgkhg\r\n-\r\n-\r\n-\r\n-\r\n-hjhkhjkjh\r\n0"}}, {"model": "members.course", "pk": 15, "fields": {"url": "https://fujitsu.sabacloud.com/Saba/Web_spf/EU2PRD0036/app/shared;spf-url=common%2Fleclassdetail%2Fregdw000000001549582%3Fcontext%3Duser&learnerId%3Demplo000000000112333", "date_created": "2020-04-10", "completion_date": "2020-04-05", "title": "Basics of review and test Techniques for program development", "class_id": "OS_DKWS_A02_IT_ENUS", "status": "1", "class_description": "ooooo"}}, {"model": "members.compliantcourse", "pk": 996, "fields": {"course": 14, "employee_id": "220054288", "employee_name": "Kenneth  Abad (k.abad@fujitsu.com)", "manager": null, "status": "2", "section": 2}}, {"model": "members.compliantcourse", "pk": 997, "fields": {"course": 14, "employee_id": "220004034", "employee_name": "Nicolas  Advincula (n.advincula@fujitsu.com)", "manager": null, "status": "2", "section": 2}}, {"model": "members.compliantcourse", "pk": 998, "fields": {"course": 14, "employee_id": "220045653", "employee_name": "Leah Melissa  Agcaoili (l.agcaoili@fujitsu.com)", "manager": null, "status": "2", "section": 2}}, {"model": "members.compliantcourse", "pk": 999, "fields": {"course": 14, "employee_id": "220033868", "employee_name": "Christopher  Aguipo (c.aguipo@fujitsu.com)", "manager": null, "status": "2", "section": 2}}, {"model": "members.compliantcourse", "pk": 1000, "fields": {"course": 14, "employee_id": "915002472", "employee_name": "Trixie Mhae Anne  Alba (t.alba@fujitsu.com)", "manager": null, "status": "2", "section": 2}}, {"model": "members.compliantcourse", "pk": 1001, "fields": {"course": 14, "employee_id": "220050976", "employee_name": "Lawrence  Alberto (l.alberto@fujitsu.com)", "manager": null, "status": "2", "section": 2}}, {"model": "members.compliantcourse", "pk": 1002, "fields": {"course": 14, "employee_id": "220008123", "employee_name": "Mara Carmela  Alonzo (m.alonzo@fujitsu.com)", "manager": null, "status": "2", "section": 2}}, {"model": "members.compliantcourse", "pk": 1003, "fields": {"course": 14, "employee_id": "220002267", "employee_name": "Edralyn Lorenz  Andrade (e.andrade@fujitsu.com)", "manager": null, "status": "2", "section": 2}}, {"model": "members.compliantcourse", "pk": 1004, "fields": {"course": 14, "employee_id": "220053488", "employee_name": "Mary Rose  Angara (m.angara@fujitsu.com)", "manager": null, "status": "2", "section": 2}}, {"model": "members.compliantcourse", "pk": 1005, "fields": {"course": 14, "employee_id": "220005430", "employee_name": "Noel  Anonas (n.anonas@fujitsu.com)", "manager": null, "status": "2", "section": 2}}, {"model": "members.compliantcourse", "pk": 1006, "fields": {"course": 14, "employee_id": "220041020", "employee_name": "Marver  Avila (m.avila@fujitsu.com)", "manager": null, "status": "2", "section": 2}}, {"model": "members.compliantcourse", "pk": 1007, "fields": {"course": 14, "employee_id": "915000292", "employee_name": "Johann  Azanza (j.azanza@fujitsu.com)", "manager": null, "status": "2", "section": 2}}, {"model": "members.compliantcourse", "pk": 1008, "fields": {"course": 14, "employee_id": "220003249", "employee_name": "Geraldine  Bacwaden (g.bacwaden@fujitsu.com)", "manager": null, "status": "2", "section": 2}}, {"model": "members.compliantcourse", "pk": 1009, "fields": {"course": 14, "employee_id": "220053490", "employee_name": "Jenalyn  Balanon (j.balanon@fujitsu.com)", "manager": null, "status": "2", "section": 2}}, {"model": "members.compliantcourse", "pk": 1010, "fields": {"course": 14, "employee_id": "220023300", "employee_name": "John Renz  Barnido (j.barnido@fujitsu.com)", "manager": null, "status": "2", "section": 2}}, {"model": "members.compliantcourse", "pk": 1011, "fields": {"course": 14, "employee_id": "220002256", "employee_name": "Aevan Camille  Batongbacal (a.batongbacal@fujitsu.com)", "manager": null, "status": "2", "section": 2}}, {"model": "members.compliantcourse", "pk": 1012, "fields": {"course": 14, "employee_id": "220007907", "employee_name": "Terrence Jonathan  Bautista (tj.bautista@fujitsu.com)", "manager": null, "status": "2", "section": 2}}, {"model": "members.compliantcourse", "pk": 1013, "fields": {"course": 14, "employee_id": "220023500", "employee_name": "Jamie Loren  Belaos (j.belaos@fujitsu.com)", "manager": null, "status": "2", "section": 2}}, {"model": "members.compliantcourse", "pk": 1014, "fields": {"course": 14, "employee_id": "220005469", "employee_name": "Engelbert  Bueno (e.bueno@fujitsu.com)", "manager": null, "status": "2", "section": 2}}, {"model": "members.compliantcourse", "pk": 1015, "fields": {"course": 14, "employee_id": "915011765", "employee_name": "Sherry  Buitizon (s.buitizon@fujitsu.com)", "manager": null, "status": "2", "section": 2}}, {"model": "members.compliantcourse", "pk": 1016, "fields": {"course": 14, "employee_id": "220053697", "employee_name": "Glenda  Cabiling (g.cabiling@fujitsu.com)", "manager": null, "status": "2", "section": 2}}, {"model": "members.compliantcourse", "pk": 1017, "fields": {"course": 14, "employee_id": "915000254", "employee_name": "Cherryl  Caccam (c.caccam@fujitsu.com)", "manager": null, "status": "2", "section": 2}}, {"model": "members.compliantcourse", "pk": 1018, "fields": {"course": 14, "employee_id": "915011578", "employee_name": "Achilles  Cariaga (a.cariaga@fujitsu.com)", "manager": null, "status": "2", "section": 2}}, {"model": "members.compliantcourse", "pk": 1019, "fields": {"course": 14, "employee_id": "915011557", "employee_name": "Anna Marie  Catalma (a.catalma@fujitsu.com)", "manager": null, "status": "2", "section": 2}}, {"model": "members.compliantcourse", "pk": 1020, "fields": {"course": 14, "employee_id": "0", "employee_name": "Maria Ana  Chamorro (a.chamorro@ph.fujitsu.com)", "manager": null, "status": "2", "section": 2}}, {"model": "members.compliantcourse", "pk": 1021, "fields": {"course": 14, "employee_id": "915011551", "employee_name": "Rongem  Collado (rp.collado@fujitsu.com)", "manager": null, "status": "2", "section": 2}}, {"model": "members.compliantcourse", "pk": 1022, "fields": {"course": 14, "employee_id": "220006273", "employee_name": "Clara Denise  Cruz (cd.cruz@fujitsu.com)", "manager": null, "status": "2", "section": 2}}, {"model": "members.compliantcourse", "pk": 1023, "fields": {"course": 14, "employee_id": "220045134", "employee_name": "Michelle  Dacanay (m.dacanay@fujitsu.com)", "manager": null, "status": "2", "section": 2}}, {"model": "members.compliantcourse", "pk": 1024, "fields": {"course": 14, "employee_id": "915012086", "employee_name": "Ralph Darrell  De Dios (r.dedios@fujitsu.com)", "manager": null, "status": "2", "section": 2}}, {"model": "members.compliantcourse", "pk": 1025, "fields": {"course": 14, "employee_id": "220053486", "employee_name": "Jeamel  De Guzman (jm.deguzman@fujitsu.com)", "manager": null, "status": "2", "section": 2}}, {"model": "members.compliantcourse", "pk": 1026, "fields": {"course": 14, "employee_id": "915011619", "employee_name": "John Carlo  Dejaresco (j.dejaresco@ph.fujitsu.com)", "manager": null, "status": "2", "section": 2}}, {"model": "members.compliantcourse", "pk": 1027, "fields": {"course": 14, "employee_id": "220003254", "employee_name": "Patrick  Del Rosario (p.delrosario@fujitsu.com)", "manager": null, "status": "2", "section": 2}}, {"model": "members.compliantcourse", "pk": 1028, "fields": {"course": 14, "employee_id": "220021777", "employee_name": "Francis Louie  Diaz (francis.diaz@fujitsu.com)", "manager": null, "status": "2", "section": 2}}, {"model": "members.compliantcourse", "pk": 1029, "fields": {"course": 14, "employee_id": "220005468", "employee_name": "Jason  Diaz (jm.diaz@fujitsu.com)", "manager": null, "status": "2", "section": 2}}, {"model": "members.compliantcourse", "pk": 1030, "fields": {"course": 14, "employee_id": "220002123", "employee_name": "Nadine Wendy  Dy (nw.dy@fujitsu.com)", "manager": null, "status": "2", "section": 2}}, {"model": "members.compliantcourse", "pk": 1031, "fields": {"course": 14, "employee_id": "220002213", "employee_name": "Oki  Endo (o.endo@fujitsu.com)", "manager": null, "status": "2", "section": 2}}, {"model": "members.compliantcourse", "pk": 1032, "fields": {"course": 14, "employee_id": "220046859", "employee_name": "Kevin Eric  Evardone (k.evardone@fujitsu.com)", "manager": null, "status": "2", "section": 2}}, {"model": "members.compliantcourse", "pk": 1033, "fields": {"course": 14, "employee_id": "220002308", "employee_name": "Hiroshi  Francisco (h.francisco@fujitsu.com)", "manager": null, "status": "2", "section": 2}}, {"model": "members.compliantcourse", "pk": 1034, "fields": {"course": 14, "employee_id": "220053572", "employee_name": "Kristine Faith  Freo (k.freo@fujitsu.com)", "manager": null, "status": "2", "section": 2}}, {"model": "members.compliantcourse", "pk": 1035, "fields": {"course": 14, "employee_id": "220027289", "employee_name": "John Raymund  Garcia (jr.garcia@fujitsu.com)", "manager": null, "status": "2", "section": 2}}, {"model": "members.compliantcourse", "pk": 1036, "fields": {"course": 14, "employee_id": "915011783", "employee_name": "Candice Anne  Gaspi (c.gaspi@fujitsu.com)", "manager": null, "status": "2", "section": 2}}, {"model": "members.compliantcourse", "pk": 1037, "fields": {"course": 14, "employee_id": "220008122", "employee_name": "Nikki Rose  Geva\u00f1a (nr.gevana@fujitsu.com)", "manager": null, "status": "2", "section": 2}}, {"model": "members.compliantcourse", "pk": 1038, "fields": {"course": 14, "employee_id": "915011554", "employee_name": "Joshua  Gonzales (j.gonzales@fujitsu.com)", "manager": null, "status": "2", "section": 2}}, {"model": "members.compliantcourse", "pk": 1039, "fields": {"course": 14, "employee_id": "915012085", "employee_name": "Sonny Francis  Guisijan (s.guisijan@fujitsu.com)", "manager": null, "status": "2", "section": 2}}, {"model": "members.compliantcourse", "pk": 1040, "fields": {"course": 14, "employee_id": "915011640", "employee_name": "Jonathan  Holgado (j.holgado@fujitsu.com)", "manager": null, "status": "2", "section": 2}}, {"model": "members.compliantcourse", "pk": 1041, "fields": {"course": 14, "employee_id": "220019237", "employee_name": "Kevin Allan  Hukom (k.hukom@ph.fujitsu.com)", "manager": null, "status": "2", "section": 2}}, {"model": "members.compliantcourse", "pk": 1042, "fields": {"course": 14, "employee_id": "0", "employee_name": "Yuya  Inage (yu.inage@fujitsu.com)", "manager": null, "status": "2", "section": 2}}, {"model": "members.compliantcourse", "pk": 1043, "fields": {"course": 14, "employee_id": "220005422", "employee_name": "Koichi  Isobe (k.isobe@fujitsu.com)", "manager": null, "status": "2", "section": 2}}, {"model": "members.compliantcourse", "pk": 1044, "fields": {"course": 14, "employee_id": "220053693", "employee_name": "Jhon Harvey  Iwarat (j.iwarat@fujitsu.com)", "manager": null, "status": "2", "section": 2}}, {"model": "members.compliantcourse", "pk": 1045, "fields": {"course": 14, "employee_id": "220054425", "employee_name": "John Carlo  Jimenez (jc.jimenez@fujitsu.com)", "manager": null, "status": "2", "section": 2}}, {"model": "members.compliantcourse", "pk": 1046, "fields": {"course": 14, "employee_id": "220021629", "employee_name": "Preeti  Katre (p.katre@fujitsu.com)", "manager": null, "status": "2", "section": 2}}, {"model": "members.compliantcourse", "pk": 1047, "fields": {"course": 14, "employee_id": "220022706", "employee_name": "Yuri  Kodachi (y.kodachi@fujitsu.com)", "manager": null, "status": "2", "section": 2}}, {"model": "members.compliantcourse", "pk": 1048, "fields": {"course": 14, "employee_id": "220053485", "employee_name": "Arvin  Lacanlalay (a.lacanlalay@fujitsu.com)", "manager": null, "status": "2", "section": 2}}, {"model": "members.compliantcourse", "pk": 1049, "fields": {"course": 14, "employee_id": "915012116", "employee_name": "Clynis  Lapira (c.lapira@fujitsu.com)", "manager": null, "status": "2", "section": 2}}, {"model": "members.compliantcourse", "pk": 1050, "fields": {"course": 14, "employee_id": "915000146", "employee_name": "Leodegario Jr.  Lapira (l.lapira@fujitsu.com)", "manager": null, "status": "2", "section": 2}}, {"model": "members.compliantcourse", "pk": 1051, "fields": {"course": 14, "employee_id": "915011676", "employee_name": "Claribelle  Laruan (c.laruan@fujitsu.com)", "manager": null, "status": "2", "section": 2}}, {"model": "members.compliantcourse", "pk": 1052, "fields": {"course": 14, "employee_id": "915000108", "employee_name": "Realiza  Latade (r.latade@fujitsu.com)", "manager": null, "status": "2", "section": 2}}, {"model": "members.compliantcourse", "pk": 1053, "fields": {"course": 14, "employee_id": "220023005", "employee_name": "Ma. Gizelle  Latosa (m.latosa@fujitsu.com)", "manager": null, "status": "2", "section": 2}}, {"model": "members.compliantcourse", "pk": 1054, "fields": {"course": 14, "employee_id": "220036606", "employee_name": "Julienne  Leyritana (j.leyritana@fujitsu.com)", "manager": null, "status": "2", "section": 2}}, {"model": "members.compliantcourse", "pk": 1055, "fields": {"course": 14, "employee_id": "220027300", "employee_name": "Rainer John  Lim (rs.lim@fujitsu.com)", "manager": null, "status": "2", "section": 2}}, {"model": "members.compliantcourse", "pk": 1056, "fields": {"course": 14, "employee_id": "220023096", "employee_name": "Richard  Lim (r.lim@fujitsu.com)", "manager": null, "status": "2", "section": 2}}, {"model": "members.compliantcourse", "pk": 1057, "fields": {"course": 14, "employee_id": "220053489", "employee_name": "Mark Evan  Lumontad (m.lumontad@fujitsu.com)", "manager": null, "status": "2", "section": 2}}, {"model": "members.compliantcourse", "pk": 1058, "fields": {"course": 14, "employee_id": "0", "employee_name": "Geraldine  Mabale (g.mabale@fujitsu.com)", "manager": null, "status": "2", "section": 2}}, {"model": "members.compliantcourse", "pk": 1059, "fields": {"course": 14, "employee_id": "220053696", "employee_name": "Janella Marie  Macabugao (j.macabugao@fujitsu.com)", "manager": null, "status": "2", "section": 2}}, {"model": "members.compliantcourse", "pk": 1060, "fields": {"course": 14, "employee_id": "220038517", "employee_name": "Rommel  Marasigan (r.marasigan@fujitsu.com)", "manager": null, "status": "2", "section": 2}}, {"model": "members.compliantcourse", "pk": 1061, "fields": {"course": 14, "employee_id": "220043147", "employee_name": "John Daniel  Martin (jm.martin@fujitsu.com)", "manager": null, "status": "2", "section": 2}}, {"model": "members.compliantcourse", "pk": 1062, "fields": {"course": 14, "employee_id": "915000823", "employee_name": "Ariane Rose  Mendoza (a.mendoza@fujitsu.com)", "manager": null, "status": "2", "section": 2}}, {"model": "members.compliantcourse", "pk": 1063, "fields": {"course": 14, "employee_id": "220041010", "employee_name": "Ma. Ana Casandra  Miraballes (m.miraballes@fujitsu.com)", "manager": null, "status": "2", "section": 2}}, {"model": "members.compliantcourse", "pk": 1064, "fields": {"course": 14, "employee_id": "220053484", "employee_name": "Joshua  Montemayor (j.montemayor@fujitsu.com)", "manager": null, "status": "2", "section": 2}}, {"model": "members.compliantcourse", "pk": 1065, "fields": {"course": 14, "employee_id": "220022705", "employee_name": "Danica Sharon  Narciso (d.narciso@ph.fujitsu.com)", "manager": null, "status": "2", "section": 2}}, {"model": "members.compliantcourse", "pk": 1066, "fields": {"course": 14, "employee_id": "220047481", "employee_name": "Donna  Nuguit (d.nuguit@fujitsu.com)", "manager": null, "status": "2", "section": 2}}, {"model": "members.compliantcourse", "pk": 1067, "fields": {"course": 14, "employee_id": "220005582", "employee_name": "Melvin  Ocampo (m.ocampo@fujitsu.com)", "manager": null, "status": "2", "section": 2}}, {"model": "members.compliantcourse", "pk": 1068, "fields": {"course": 14, "employee_id": "220005517", "employee_name": "Alfie  Opo (a.opo@fujitsu.com)", "manager": null, "status": "1", "section": 2}}, {"model": "members.compliantcourse", "pk": 1069, "fields": {"course": 14, "employee_id": "915000101", "employee_name": "Gem  Orevillo (g.orevillo@fujitsu.com)", "manager": null, "status": "2", "section": 2}}, {"model": "members.compliantcourse", "pk": 1070, "fields": {"course": 14, "employee_id": "220053694", "employee_name": "Thomas Ludwig  Oviedo (t.oviedo@fujitsu.com)", "manager": null, "status": "2", "section": 2}}, {"model": "members.compliantcourse", "pk": 1071, "fields": {"course": 14, "employee_id": "220045654", "employee_name": "Lorenzo  Pablo (l.pablo@fujitsu.com)", "manager": null, "status": "2", "section": 2}}, {"model": "members.compliantcourse", "pk": 1072, "fields": {"course": 14, "employee_id": "915011778", "employee_name": "Nerissa  Panganiban (n.panganiban@fujitsu.com)", "manager": null, "status": "2", "section": 2}}, {"model": "members.compliantcourse", "pk": 1073, "fields": {"course": 14, "employee_id": "915000273", "employee_name": "Teresa  Panganiban (t.panganiban@fujitsu.com)", "manager": null, "status": "2", "section": 2}}, {"model": "members.compliantcourse", "pk": 1074, "fields": {"course": 14, "employee_id": "220004720", "employee_name": "Raymond  Patungan (rf.patungan@fujitsu.com)", "manager": null, "status": "2", "section": 2}}, {"model": "members.compliantcourse", "pk": 1075, "fields": {"course": 14, "employee_id": "915011606", "employee_name": "Vicente Dominic  Pineda (v.pineda@fujitsu.com)", "manager": null, "status": "2", "section": 2}}, {"model": "members.compliantcourse", "pk": 1076, "fields": {"course": 14, "employee_id": "915012055", "employee_name": "Jan Michael  Quintia (j.quintia@fujitsu.com)", "manager": null, "status": "2", "section": 2}}, {"model": "members.compliantcourse", "pk": 1077, "fields": {"course": 14, "employee_id": "915000820", "employee_name": "Love Joy  Ramos (l.ramos@fujitsu.com)", "manager": null, "status": "2", "section": 2}}, {"model": "members.compliantcourse", "pk": 1078, "fields": {"course": 14, "employee_id": "220053491", "employee_name": "Ramon  Ramos (r.ramos@fujitsu.com)", "manager": null, "status": "2", "section": 2}}, {"model": "members.compliantcourse", "pk": 1079, "fields": {"course": 14, "employee_id": "220006742", "employee_name": "Anna Marie  Reyes (am.reyes@fujitsu.com)", "manager": null, "status": "2", "section": 2}}, {"model": "members.compliantcourse", "pk": 1080, "fields": {"course": 14, "employee_id": "220005467", "employee_name": "Marian Angelica  Rimando (m.rimando@fujitsu.com)", "manager": null, "status": "2", "section": 2}}, {"model": "members.compliantcourse", "pk": 1081, "fields": {"course": 14, "employee_id": "220054449", "employee_name": "Michael John  Rivera (m.rivera@fujitsu.com)", "manager": null, "status": "2", "section": 2}}, {"model": "members.compliantcourse", "pk": 1082, "fields": {"course": 14, "employee_id": "220045332", "employee_name": "Michael Carlo  Rodil (m.rodil@fujitsu.com)", "manager": null, "status": "2", "section": 2}}, {"model": "members.compliantcourse", "pk": 1083, "fields": {"course": 14, "employee_id": "915000274", "employee_name": "Elaine  Rodillas (e.rodillas@fujitsu.com)", "manager": null, "status": "2", "section": 2}}, {"model": "members.compliantcourse", "pk": 1084, "fields": {"course": 14, "employee_id": "915011690", "employee_name": "Dave Lawrence  Sabang (d.sabang@fujitsu.com)", "manager": null, "status": "2", "section": 2}}, {"model": "members.compliantcourse", "pk": 1085, "fields": {"course": 14, "employee_id": "915011801", "employee_name": "Maria Thea Eri  Sakuma (m.sakuma@fujitsu.com)", "manager": null, "status": "2", "section": 2}}, {"model": "members.compliantcourse", "pk": 1086, "fields": {"course": 14, "employee_id": "220021487", "employee_name": "Tom Jan  Salavia (t.salavia@fujitsu.com)", "manager": null, "status": "2", "section": 2}}, {"model": "members.compliantcourse", "pk": 1087, "fields": {"course": 14, "employee_id": "220004853", "employee_name": "Thimoty Paul  San Andres (t.sanandres@fujitsu.com)", "manager": null, "status": "2", "section": 2}}, {"model": "members.compliantcourse", "pk": 1088, "fields": {"course": 14, "employee_id": "220004850", "employee_name": "Glen Richard  San Gabriel (g.sangabriel@ph.fujitsu.com)", "manager": null, "status": "2", "section": 2}}, {"model": "members.compliantcourse", "pk": 1089, "fields": {"course": 14, "employee_id": "220041012", "employee_name": "Pamela Lizelle  San Luis (p.sanluis@fujitsu.com)", "manager": null, "status": "2", "section": 2}}, {"model": "members.compliantcourse", "pk": 1090, "fields": {"course": 14, "employee_id": "915002010", "employee_name": "John Patrick  Sante (j.sante@fujitsu.com)", "manager": null, "status": "2", "section": 2}}, {"model": "members.compliantcourse", "pk": 1091, "fields": {"course": 15, "employee_id": "220054288", "employee_name": "Kenneth  Abad (k.abad@fujitsu.com)", "manager": null, "status": "2", "section": 2}}, {"model": "members.compliantcourse", "pk": 1092, "fields": {"course": 15, "employee_id": "220004034", "employee_name": "Nicolas  Advincula (n.advincula@fujitsu.com)", "manager": null, "status": "2", "section": 2}}, {"model": "members.compliantcourse", "pk": 1093, "fields": {"course": 15, "employee_id": "220045653", "employee_name": "Leah Melissa  Agcaoili (l.agcaoili@fujitsu.com)", "manager": null, "status": "2", "section": 2}}, {"model": "members.compliantcourse", "pk": 1094, "fields": {"course": 15, "employee_id": "220033868", "employee_name": "Christopher  Aguipo (c.aguipo@fujitsu.com)", "manager": null, "status": "2", "section": 2}}, {"model": "members.compliantcourse", "pk": 1095, "fields": {"course": 15, "employee_id": "915002472", "employee_name": "Trixie Mhae Anne  Alba (t.alba@fujitsu.com)", "manager": null, "status": "2", "section": 2}}, {"model": "members.compliantcourse", "pk": 1096, "fields": {"course": 15, "employee_id": "220050976", "employee_name": "Lawrence  Alberto (l.alberto@fujitsu.com)", "manager": null, "status": "2", "section": 2}}, {"model": "members.compliantcourse", "pk": 1097, "fields": {"course": 15, "employee_id": "220008123", "employee_name": "Mara Carmela  Alonzo (m.alonzo@fujitsu.com)", "manager": null, "status": "2", "section": 2}}, {"model": "members.compliantcourse", "pk": 1098, "fields": {"course": 15, "employee_id": "220002267", "employee_name": "Edralyn Lorenz  Andrade (e.andrade@fujitsu.com)", "manager": null, "status": "2", "section": 2}}, {"model": "members.compliantcourse", "pk": 1099, "fields": {"course": 15, "employee_id": "220053488", "employee_name": "Mary Rose  Angara (m.angara@fujitsu.com)", "manager": null, "status": "2", "section": 2}}, {"model": "members.compliantcourse", "pk": 1100, "fields": {"course": 15, "employee_id": "220005430", "employee_name": "Noel  Anonas (n.anonas@fujitsu.com)", "manager": null, "status": "2", "section": 2}}, {"model": "members.compliantcourse", "pk": 1101, "fields": {"course": 15, "employee_id": "220041020", "employee_name": "Marver  Avila (m.avila@fujitsu.com)", "manager": null, "status": "2", "section": 2}}, {"model": "members.compliantcourse", "pk": 1102, "fields": {"course": 15, "employee_id": "915000292", "employee_name": "Johann  Azanza (j.azanza@fujitsu.com)", "manager": null, "status": "2", "section": 2}}, {"model": "members.compliantcourse", "pk": 1103, "fields": {"course": 15, "employee_id": "220003249", "employee_name": "Geraldine  Bacwaden (g.bacwaden@fujitsu.com)", "manager": null, "status": "2", "section": 2}}, {"model": "members.compliantcourse", "pk": 1104, "fields": {"course": 15, "employee_id": "220053490", "employee_name": "Jenalyn  Balanon (j.balanon@fujitsu.com)", "manager": null, "status": "2", "section": 2}}, {"model": "members.compliantcourse", "pk": 1105, "fields": {"course": 15, "employee_id": "220023300", "employee_name": "John Renz  Barnido (j.barnido@fujitsu.com)", "manager": null, "status": "2", "section": 2}}, {"model": "members.compliantcourse", "pk": 1106, "fields": {"course": 15, "employee_id": "220002256", "employee_name": "Aevan Camille  Batongbacal (a.batongbacal@fujitsu.com)", "manager": null, "status": "2", "section": 2}}, {"model": "members.compliantcourse", "pk": 1107, "fields": {"course": 15, "employee_id": "220007907", "employee_name": "Terrence Jonathan  Bautista (tj.bautista@fujitsu.com)", "manager": null, "status": "2", "section": 2}}, {"model": "members.compliantcourse", "pk": 1108, "fields": {"course": 15, "employee_id": "220023500", "employee_name": "Jamie Loren  Belaos (j.belaos@fujitsu.com)", "manager": null, "status": "2", "section": 2}}, {"model": "members.compliantcourse", "pk": 1109, "fields": {"course": 15, "employee_id": "220005469", "employee_name": "Engelbert  Bueno (e.bueno@fujitsu.com)", "manager": null, "status": "2", "section": 2}}, {"model": "members.compliantcourse", "pk": 1110, "fields": {"course": 15, "employee_id": "915011765", "employee_name": "Sherry  Buitizon (s.buitizon@fujitsu.com)", "manager": null, "status": "2", "section": 2}}, {"model": "members.compliantcourse", "pk": 1111, "fields": {"course": 15, "employee_id": "220053697", "employee_name": "Glenda  Cabiling (g.cabiling@fujitsu.com)", "manager": null, "status": "2", "section": 2}}, {"model": "members.compliantcourse", "pk": 1112, "fields": {"course": 15, "employee_id": "915000254", "employee_name": "Cherryl  Caccam (c.caccam@fujitsu.com)", "manager": null, "status": "2", "section": 2}}, {"model": "members.compliantcourse", "pk": 1113, "fields": {"course": 15, "employee_id": "915011578", "employee_name": "Achilles  Cariaga (a.cariaga@fujitsu.com)", "manager": null, "status": "2", "section": 2}}, {"model": "members.compliantcourse", "pk": 1114, "fields": {"course": 15, "employee_id": "915011557", "employee_name": "Anna Marie  Catalma (a.catalma@fujitsu.com)", "manager": null, "status": "2", "section": 2}}, {"model": "members.compliantcourse", "pk": 1115, "fields": {"course": 15, "employee_id": "0", "employee_name": "Maria Ana  Chamorro (a.chamorro@ph.fujitsu.com)", "manager": null, "status": "2", "section": 2}}, {"model": "members.compliantcourse", "pk": 1116, "fields": {"course": 15, "employee_id": "915011551", "employee_name": "Rongem  Collado (rp.collado@fujitsu.com)", "manager": null, "status": "2", "section": 2}}, {"model": "members.compliantcourse", "pk": 1117, "fields": {"course": 15, "employee_id": "220006273", "employee_name": "Clara Denise  Cruz (cd.cruz@fujitsu.com)", "manager": null, "status": "2", "section": 2}}, {"model": "members.compliantcourse", "pk": 1118, "fields": {"course": 15, "employee_id": "220045134", "employee_name": "Michelle  Dacanay (m.dacanay@fujitsu.com)", "manager": null, "status": "2", "section": 2}}, {"model": "members.compliantcourse", "pk": 1119, "fields": {"course": 15, "employee_id": "915012086", "employee_name": "Ralph Darrell  De Dios (r.dedios@fujitsu.com)", "manager": null, "status": "2", "section": 2}}, {"model": "members.compliantcourse", "pk": 1120, "fields": {"course": 15, "employee_id": "220053486", "employee_name": "Jeamel  De Guzman (jm.deguzman@fujitsu.com)", "manager": null, "status": "2", "section": 2}}, {"model": "members.compliantcourse", "pk": 1121, "fields": {"course": 15, "employee_id": "915011619", "employee_name": "John Carlo  Dejaresco (j.dejaresco@ph.fujitsu.com)", "manager": null, "status": "2", "section": 2}}, {"model": "members.compliantcourse", "pk": 1122, "fields": {"course": 15, "employee_id": "220003254", "employee_name": "Patrick  Del Rosario (p.delrosario@fujitsu.com)", "manager": null, "status": "2", "section": 2}}, {"model": "members.compliantcourse", "pk": 1123, "fields": {"course": 15, "employee_id": "220021777", "employee_name": "Francis Louie  Diaz (francis.diaz@fujitsu.com)", "manager": null, "status": "2", "section": 2}}, {"model": "members.compliantcourse", "pk": 1124, "fields": {"course": 15, "employee_id": "220005468", "employee_name": "Jason  Diaz (jm.diaz@fujitsu.com)", "manager": null, "status": "2", "section": 2}}, {"model": "members.compliantcourse", "pk": 1125, "fields": {"course": 15, "employee_id": "220002123", "employee_name": "Nadine Wendy  Dy (nw.dy@fujitsu.com)", "manager": null, "status": "2", "section": 2}}, {"model": "members.compliantcourse", "pk": 1126, "fields": {"course": 15, "employee_id": "220002213", "employee_name": "Oki  Endo (o.endo@fujitsu.com)", "manager": null, "status": "2", "section": 2}}, {"model": "members.compliantcourse", "pk": 1127, "fields": {"course": 15, "employee_id": "220046859", "employee_name": "Kevin Eric  Evardone (k.evardone@fujitsu.com)", "manager": null, "status": "2", "section": 2}}, {"model": "members.compliantcourse", "pk": 1128, "fields": {"course": 15, "employee_id": "220002308", "employee_name": "Hiroshi  Francisco (h.francisco@fujitsu.com)", "manager": null, "status": "2", "section": 2}}, {"model": "members.compliantcourse", "pk": 1129, "fields": {"course": 15, "employee_id": "220053572", "employee_name": "Kristine Faith  Freo (k.freo@fujitsu.com)", "manager": null, "status": "2", "section": 2}}, {"model": "members.compliantcourse", "pk": 1130, "fields": {"course": 15, "employee_id": "220027289", "employee_name": "John Raymund  Garcia (jr.garcia@fujitsu.com)", "manager": null, "status": "2", "section": 2}}, {"model": "members.compliantcourse", "pk": 1131, "fields": {"course": 15, "employee_id": "915011783", "employee_name": "Candice Anne  Gaspi (c.gaspi@fujitsu.com)", "manager": null, "status": "2", "section": 2}}, {"model": "members.compliantcourse", "pk": 1132, "fields": {"course": 15, "employee_id": "220008122", "employee_name": "Nikki Rose  Geva\u00f1a (nr.gevana@fujitsu.com)", "manager": null, "status": "2", "section": 2}}, {"model": "members.compliantcourse", "pk": 1133, "fields": {"course": 15, "employee_id": "915011554", "employee_name": "Joshua  Gonzales (j.gonzales@fujitsu.com)", "manager": null, "status": "2", "section": 2}}, {"model": "members.compliantcourse", "pk": 1134, "fields": {"course": 15, "employee_id": "915012085", "employee_name": "Sonny Francis  Guisijan (s.guisijan@fujitsu.com)", "manager": null, "status": "2", "section": 2}}, {"model": "members.compliantcourse", "pk": 1135, "fields": {"course": 15, "employee_id": "915011640", "employee_name": "Jonathan  Holgado (j.holgado@fujitsu.com)", "manager": null, "status": "2", "section": 2}}, {"model": "members.compliantcourse", "pk": 1136, "fields": {"course": 15, "employee_id": "220019237", "employee_name": "Kevin Allan  Hukom (k.hukom@ph.fujitsu.com)", "manager": null, "status": "2", "section": 2}}, {"model": "members.compliantcourse", "pk": 1137, "fields": {"course": 15, "employee_id": "0", "employee_name": "Yuya  Inage (yu.inage@fujitsu.com)", "manager": null, "status": "2", "section": 2}}, {"model": "members.compliantcourse", "pk": 1138, "fields": {"course": 15, "employee_id": "220005422", "employee_name": "Koichi  Isobe (k.isobe@fujitsu.com)", "manager": null, "status": "2", "section": 2}}, {"model": "members.compliantcourse", "pk": 1139, "fields": {"course": 15, "employee_id": "220053693", "employee_name": "Jhon Harvey  Iwarat (j.iwarat@fujitsu.com)", "manager": null, "status": "2", "section": 2}}, {"model": "members.compliantcourse", "pk": 1140, "fields": {"course": 15, "employee_id": "220054425", "employee_name": "John Carlo  Jimenez (jc.jimenez@fujitsu.com)", "manager": null, "status": "2", "section": 2}}, {"model": "members.compliantcourse", "pk": 1141, "fields": {"course": 15, "employee_id": "220021629", "employee_name": "Preeti  Katre (p.katre@fujitsu.com)", "manager": null, "status": "2", "section": 2}}, {"model": "members.compliantcourse", "pk": 1142, "fields": {"course": 15, "employee_id": "220022706", "employee_name": "Yuri  Kodachi (y.kodachi@fujitsu.com)", "manager": null, "status": "2", "section": 2}}, {"model": "members.compliantcourse", "pk": 1143, "fields": {"course": 15, "employee_id": "220053485", "employee_name": "Arvin  Lacanlalay (a.lacanlalay@fujitsu.com)", "manager": null, "status": "2", "section": 2}}, {"model": "members.compliantcourse", "pk": 1144, "fields": {"course": 15, "employee_id": "915012116", "employee_name": "Clynis  Lapira (c.lapira@fujitsu.com)", "manager": null, "status": "2", "section": 2}}, {"model": "members.compliantcourse", "pk": 1145, "fields": {"course": 15, "employee_id": "915000146", "employee_name": "Leodegario Jr.  Lapira (l.lapira@fujitsu.com)", "manager": null, "status": "2", "section": 2}}, {"model": "members.compliantcourse", "pk": 1146, "fields": {"course": 15, "employee_id": "915011676", "employee_name": "Claribelle  Laruan (c.laruan@fujitsu.com)", "manager": null, "status": "2", "section": 2}}, {"model": "members.compliantcourse", "pk": 1147, "fields": {"course": 15, "employee_id": "915000108", "employee_name": "Realiza  Latade (r.latade@fujitsu.com)", "manager": null, "status": "2", "section": 2}}, {"model": "members.compliantcourse", "pk": 1148, "fields": {"course": 15, "employee_id": "220023005", "employee_name": "Ma. Gizelle  Latosa (m.latosa@fujitsu.com)", "manager": null, "status": "2", "section": 2}}, {"model": "members.compliantcourse", "pk": 1149, "fields": {"course": 15, "employee_id": "220036606", "employee_name": "Julienne  Leyritana (j.leyritana@fujitsu.com)", "manager": null, "status": "2", "section": 2}}, {"model": "members.compliantcourse", "pk": 1150, "fields": {"course": 15, "employee_id": "220027300", "employee_name": "Rainer John  Lim (rs.lim@fujitsu.com)", "manager": null, "status": "2", "section": 2}}, {"model": "members.compliantcourse", "pk": 1151, "fields": {"course": 15, "employee_id": "220023096", "employee_name": "Richard  Lim (r.lim@fujitsu.com)", "manager": null, "status": "2", "section": 2}}, {"model": "members.compliantcourse", "pk": 1152, "fields": {"course": 15, "employee_id": "220053489", "employee_name": "Mark Evan  Lumontad (m.lumontad@fujitsu.com)", "manager": null, "status": "2", "section": 2}}, {"model": "members.compliantcourse", "pk": 1153, "fields": {"course": 15, "employee_id": "0", "employee_name": "Geraldine  Mabale (g.mabale@fujitsu.com)", "manager": null, "status": "2", "section": 2}}, {"model": "members.compliantcourse", "pk": 1154, "fields": {"course": 15, "employee_id": "220053696", "employee_name": "Janella Marie  Macabugao (j.macabugao@fujitsu.com)", "manager": null, "status": "2", "section": 2}}, {"model": "members.compliantcourse", "pk": 1155, "fields": {"course": 15, "employee_id": "220038517", "employee_name": "Rommel  Marasigan (r.marasigan@fujitsu.com)", "manager": null, "status": "2", "section": 2}}, {"model": "members.compliantcourse", "pk": 1156, "fields": {"course": 15, "employee_id": "220043147", "employee_name": "John Daniel  Martin (jm.martin@fujitsu.com)", "manager": null, "status": "2", "section": 2}}, {"model": "members.compliantcourse", "pk": 1157, "fields": {"course": 15, "employee_id": "915000823", "employee_name": "Ariane Rose  Mendoza (a.mendoza@fujitsu.com)", "manager": null, "status": "2", "section": 2}}, {"model": "members.compliantcourse", "pk": 1158, "fields": {"course": 15, "employee_id": "220041010", "employee_name": "Ma. Ana Casandra  Miraballes (m.miraballes@fujitsu.com)", "manager": null, "status": "2", "section": 2}}, {"model": "members.compliantcourse", "pk": 1159, "fields": {"course": 15, "employee_id": "220053484", "employee_name": "Joshua  Montemayor (j.montemayor@fujitsu.com)", "manager": null, "status": "2", "section": 2}}, {"model": "members.compliantcourse", "pk": 1160, "fields": {"course": 15, "employee_id": "220022705", "employee_name": "Danica Sharon  Narciso (d.narciso@ph.fujitsu.com)", "manager": null, "status": "2", "section": 2}}, {"model": "members.compliantcourse", "pk": 1161, "fields": {"course": 15, "employee_id": "220047481", "employee_name": "Donna  Nuguit (d.nuguit@fujitsu.com)", "manager": null, "status": "2", "section": 2}}, {"model": "members.compliantcourse", "pk": 1162, "fields": {"course": 15, "employee_id": "220005582", "employee_name": "Melvin  Ocampo (m.ocampo@fujitsu.com)", "manager": null, "status": "2", "section": 2}}, {"model": "members.compliantcourse", "pk": 1163, "fields": {"course": 15, "employee_id": "220005517", "employee_name": "Alfie  Opo (a.opo@fujitsu.com)", "manager": null, "status": "2", "section": 2}}, {"model": "members.compliantcourse", "pk": 1164, "fields": {"course": 15, "employee_id": "915000101", "employee_name": "Gem  Orevillo (g.orevillo@fujitsu.com)", "manager": null, "status": "2", "section": 2}}, {"model": "members.compliantcourse", "pk": 1165, "fields": {"course": 15, "employee_id": "220053694", "employee_name": "Thomas Ludwig  Oviedo (t.oviedo@fujitsu.com)", "manager": null, "status": "2", "section": 2}}, {"model": "members.compliantcourse", "pk": 1166, "fields": {"course": 15, "employee_id": "220045654", "employee_name": "Lorenzo  Pablo (l.pablo@fujitsu.com)", "manager": null, "status": "2", "section": 2}}, {"model": "members.compliantcourse", "pk": 1167, "fields": {"course": 15, "employee_id": "915011778", "employee_name": "Nerissa  Panganiban (n.panganiban@fujitsu.com)", "manager": null, "status": "2", "section": 2}}, {"model": "members.compliantcourse", "pk": 1168, "fields": {"course": 15, "employee_id": "915000273", "employee_name": "Teresa  Panganiban (t.panganiban@fujitsu.com)", "manager": null, "status": "2", "section": 2}}, {"model": "members.compliantcourse", "pk": 1169, "fields": {"course": 15, "employee_id": "220004720", "employee_name": "Raymond  Patungan (rf.patungan@fujitsu.com)", "manager": null, "status": "2", "section": 2}}, {"model": "members.compliantcourse", "pk": 1170, "fields": {"course": 15, "employee_id": "915011606", "employee_name": "Vicente Dominic  Pineda (v.pineda@fujitsu.com)", "manager": null, "status": "2", "section": 2}}, {"model": "members.compliantcourse", "pk": 1171, "fields": {"course": 15, "employee_id": "915012055", "employee_name": "Jan Michael  Quintia (j.quintia@fujitsu.com)", "manager": null, "status": "2", "section": 2}}, {"model": "members.compliantcourse", "pk": 1172, "fields": {"course": 15, "employee_id": "915000820", "employee_name": "Love Joy  Ramos (l.ramos@fujitsu.com)", "manager": null, "status": "2", "section": 2}}, {"model": "members.compliantcourse", "pk": 1173, "fields": {"course": 15, "employee_id": "220053491", "employee_name": "Ramon  Ramos (r.ramos@fujitsu.com)", "manager": null, "status": "2", "section": 2}}, {"model": "members.compliantcourse", "pk": 1174, "fields": {"course": 15, "employee_id": "220006742", "employee_name": "Anna Marie  Reyes (am.reyes@fujitsu.com)", "manager": null, "status": "2", "section": 2}}, {"model": "members.compliantcourse", "pk": 1175, "fields": {"course": 15, "employee_id": "220005467", "employee_name": "Marian Angelica  Rimando (m.rimando@fujitsu.com)", "manager": null, "status": "2", "section": 2}}, {"model": "members.compliantcourse", "pk": 1176, "fields": {"course": 15, "employee_id": "220054449", "employee_name": "Michael John  Rivera (m.rivera@fujitsu.com)", "manager": null, "status": "2", "section": 2}}, {"model": "members.compliantcourse", "pk": 1177, "fields": {"course": 15, "employee_id": "220045332", "employee_name": "Michael Carlo  Rodil (m.rodil@fujitsu.com)", "manager": null, "status": "2", "section": 2}}, {"model": "members.compliantcourse", "pk": 1178, "fields": {"course": 15, "employee_id": "915000274", "employee_name": "Elaine  Rodillas (e.rodillas@fujitsu.com)", "manager": null, "status": "2", "section": 2}}, {"model": "members.compliantcourse", "pk": 1179, "fields": {"course": 15, "employee_id": "915011690", "employee_name": "Dave Lawrence  Sabang (d.sabang@fujitsu.com)", "manager": null, "status": "2", "section": 2}}, {"model": "members.compliantcourse", "pk": 1180, "fields": {"course": 15, "employee_id": "915011801", "employee_name": "Maria Thea Eri  Sakuma (m.sakuma@fujitsu.com)", "manager": null, "status": "2", "section": 2}}, {"model": "members.compliantcourse", "pk": 1181, "fields": {"course": 15, "employee_id": "220021487", "employee_name": "Tom Jan  Salavia (t.salavia@fujitsu.com)", "manager": null, "status": "2", "section": 2}}, {"model": "members.compliantcourse", "pk": 1182, "fields": {"course": 15, "employee_id": "220004853", "employee_name": "Thimoty Paul  San Andres (t.sanandres@fujitsu.com)", "manager": null, "status": "2", "section": 2}}, {"model": "members.compliantcourse", "pk": 1183, "fields": {"course": 15, "employee_id": "220004850", "employee_name": "Glen Richard  San Gabriel (g.sangabriel@ph.fujitsu.com)", "manager": null, "status": "2", "section": 2}}, {"model": "members.compliantcourse", "pk": 1184, "fields": {"course": 15, "employee_id": "220041012", "employee_name": "Pamela Lizelle  San Luis (p.sanluis@fujitsu.com)", "manager": null, "status": "2", "section": 2}}, {"model": "members.compliantcourse", "pk": 1185, "fields": {"course": 15, "employee_id": "915002010", "employee_name": "John Patrick  Sante (j.sante@fujitsu.com)", "manager": null, "status": "2", "section": 2}}, {"model": "auth.permission", "pk": 1, "fields": {"name": "Can add log entry", "content_type": 1, "codename": "add_logentry"}}, {"model": "auth.permission", "pk": 2, "fields": {"name": "Can change log entry", "content_type": 1, "codename": "change_logentry"}}, {"model": "auth.permission", "pk": 3, "fields": {"name": "Can delete log entry", "content_type": 1, "codename": "delete_logentry"}}, {"model": "auth.permission", "pk": 4, "fields": {"name": "Can view log entry", "content_type": 1, "codename": "view_logentry"}}, {"model": "auth.permission", "pk": 5, "fields": {"name": "Can add permission", "content_type": 2, "codename": "add_permission"}}, {"model": "auth.permission", "pk": 6, "fields": {"name": "Can change permission", "content_type": 2, "codename": "change_permission"}}, {"model": "auth.permission", "pk": 7, "fields": {"name": "Can delete permission", "content_type": 2, "codename": "delete_permission"}}, {"model": "auth.permission", "pk": 8, "fields": {"name": "Can view permission", "content_type": 2, "codename": "view_permission"}}, {"model": "auth.permission", "pk": 9, "fields": {"name": "Can add group", "content_type": 3, "codename": "add_group"}}, {"model": "auth.permission", "pk": 10, "fields": {"name": "Can change group", "content_type": 3, "codename": "change_group"}}, {"model": "auth.permission", "pk": 11, "fields": {"name": "Can delete group", "content_type": 3, "codename": "delete_group"}}, {"model": "auth.permission", "pk": 12, "fields": {"name": "Can view group", "content_type": 3, "codename": "view_group"}}, {"model": "auth.permission", "pk": 13, "fields": {"name": "Can add user", "content_type": 4, "codename": "add_user"}}, {"model": "auth.permission", "pk": 14, "fields": {"name": "Can change user", "content_type": 4, "codename": "change_user"}}, {"model": "auth.permission", "pk": 15, "fields": {"name": "Can delete user", "content_type": 4, "codename": "delete_user"}}, {"model": "auth.permission", "pk": 16, "fields": {"name": "Can view user", "content_type": 4, "codename": "view_user"}}, {"model": "auth.permission", "pk": 17, "fields": {"name": "Can add content type", "content_type": 5, "codename": "add_contenttype"}}, {"model": "auth.permission", "pk": 18, "fields": {"name": "Can change content type", "content_type": 5, "codename": "change_contenttype"}}, {"model": "auth.permission", "pk": 19, "fields": {"name": "Can delete content type", "content_type": 5, "codename": "delete_contenttype"}}, {"model": "auth.permission", "pk": 20, "fields": {"name": "Can view content type", "content_type": 5, "codename": "view_contenttype"}}, {"model": "auth.permission", "pk": 21, "fields": {"name": "Can add session", "content_type": 6, "codename": "add_session"}}, {"model": "auth.permission", "pk": 22, "fields": {"name": "Can change session", "content_type": 6, "codename": "change_session"}}, {"model": "auth.permission", "pk": 23, "fields": {"name": "Can delete session", "content_type": 6, "codename": "delete_session"}}, {"model": "auth.permission", "pk": 24, "fields": {"name": "Can view session", "content_type": 6, "codename": "view_session"}}, {"model": "auth.permission", "pk": 25, "fields": {"name": "Can add compliant course", "content_type": 7, "codename": "add_compliantcourse"}}, {"model": "auth.permission", "pk": 26, "fields": {"name": "Can change compliant course", "content_type": 7, "codename": "change_compliantcourse"}}, {"model": "auth.permission", "pk": 27, "fields": {"name": "Can delete compliant course", "content_type": 7, "codename": "delete_compliantcourse"}}, {"model": "auth.permission", "pk": 28, "fields": {"name": "Can view compliant course", "content_type": 7, "codename": "view_compliantcourse"}}, {"model": "auth.permission", "pk": 29, "fields": {"name": "Can add course", "content_type": 8, "codename": "add_course"}}, {"model": "auth.permission", "pk": 30, "fields": {"name": "Can change course", "content_type": 8, "codename": "change_course"}}, {"model": "auth.permission", "pk": 31, "fields": {"name": "Can delete course", "content_type": 8, "codename": "delete_course"}}, {"model": "auth.permission", "pk": 32, "fields": {"name": "Can view course", "content_type": 8, "codename": "view_course"}}, {"model": "auth.permission", "pk": 33, "fields": {"name": "Can add employee", "content_type": 9, "codename": "add_employee"}}, {"model": "auth.permission", "pk": 34, "fields": {"name": "Can change employee", "content_type": 9, "codename": "change_employee"}}, {"model": "auth.permission", "pk": 35, "fields": {"name": "Can delete employee", "content_type": 9, "codename": "delete_employee"}}, {"model": "auth.permission", "pk": 36, "fields": {"name": "Can view employee", "content_type": 9, "codename": "view_employee"}}, {"model": "auth.permission", "pk": 37, "fields": {"name": "Can add manager", "content_type": 10, "codename": "add_manager"}}, {"model": "auth.permission", "pk": 38, "fields": {"name": "Can change manager", "content_type": 10, "codename": "change_manager"}}, {"model": "auth.permission", "pk": 39, "fields": {"name": "Can delete manager", "content_type": 10, "codename": "delete_manager"}}, {"model": "auth.permission", "pk": 40, "fields": {"name": "Can view manager", "content_type": 10, "codename": "view_manager"}}, {"model": "auth.permission", "pk": 41, "fields": {"name": "Can add section", "content_type": 11, "codename": "add_section"}}, {"model": "auth.permission", "pk": 42, "fields": {"name": "Can change section", "content_type": 11, "codename": "change_section"}}, {"model": "auth.permission", "pk": 43, "fields": {"name": "Can delete section", "content_type": 11, "codename": "delete_section"}}, {"model": "auth.permission", "pk": 44, "fields": {"name": "Can view section", "content_type": 11, "codename": "view_section"}}, {"model": "auth.permission", "pk": 45, "fields": {"name": "Can add Theme", "content_type": 12, "codename": "add_theme"}}, {"model": "auth.permission", "pk": 46, "fields": {"name": "Can change Theme", "content_type": 12, "codename": "change_theme"}}, {"model": "auth.permission", "pk": 47, "fields": {"name": "Can delete Theme", "content_type": 12, "codename": "delete_theme"}}, {"model": "auth.permission", "pk": 48, "fields": {"name": "Can view Theme", "content_type": 12, "codename": "view_theme"}}, {"model": "auth.user", "pk": 1, "fields": {"password": "pbkdf2_sha256$180000$IYEy7WDwy3vJ$9P9+tstHTtgYrCQsQIlPtZIJu3HSwenlskEqqebraZ8=", "last_login": "2020-04-10T23:56:59.526Z", "is_superuser": true, "username": "alfie", "first_name": "", "last_name": "", "email": "a.opo@fujitsu.com", "is_staff": true, "is_active": true, "date_joined": "2020-04-05T07:09:39.530Z", "groups": [], "user_permissions": []}}, {"model": "admin.logentry", "pk": 1, "fields": {"action_time": "2020-04-05T07:22:29.626Z", "user": 1, "content_type": 8, "object_id": "1", "object_repr": "Docker and Windows", "action_flag": 1, "change_message": "[{\"added\": {}}]"}}, {"model": "admin.logentry", "pk": 2, "fields": {"action_time": "2020-04-05T07:23:47.473Z", "user": 1, "content_type": 7, "object_id": "111", "object_repr": "asdfaasdf", "action_flag": 1, "change_message": "[{\"added\": {}}]"}}, {"model": "admin.logentry", "pk": 3, "fields": {"action_time": "2020-04-05T07:28:04.463Z", "user": 1, "content_type": 8, "object_id": "2", "object_repr": "Docker and Windows", "action_flag": 1, "change_message": "[{\"added\": {}}]"}}, {"model": "admin.logentry", "pk": 4, "fields": {"action_time": "2020-04-05T07:30:13.830Z", "user": 1, "content_type": 8, "object_id": "2", "object_repr": "Docker and Windows", "action_flag": 3, "change_message": ""}}, {"model": "admin.logentry", "pk": 5, "fields": {"action_time": "2020-04-05T07:31:56.027Z", "user": 1, "content_type": 8, "object_id": "3", "object_repr": "Docker and Windows", "action_flag": 1, "change_message": "[{\"added\": {}}]"}}, {"model": "admin.logentry", "pk": 6, "fields": {"action_time": "2020-04-05T07:37:58.131Z", "user": 1, "content_type": 8, "object_id": "4", "object_repr": "Docker and Windows", "action_flag": 1, "change_message": "[{\"added\": {}}]"}}, {"model": "admin.logentry", "pk": 7, "fields": {"action_time": "2020-04-05T07:44:59.897Z", "user": 1, "content_type": 8, "object_id": "5", "object_repr": "Culture and Its Effect on Communication", "action_flag": 1, "change_message": "[{\"added\": {}}]"}}, {"model": "admin.logentry", "pk": 8, "fields": {"action_time": "2020-04-05T07:52:13.066Z", "user": 1, "content_type": 8, "object_id": "6", "object_repr": "Docker and Windows", "action_flag": 1, "change_message": "[{\"added\": {}}]"}}, {"model": "admin.logentry", "pk": 9, "fields": {"action_time": "2020-04-05T08:03:34.874Z", "user": 1, "content_type": 9, "object_id": "110", "object_repr": "Mylene Coral . Love Joy Ramos", "action_flag": 2, "change_message": "[{\"changed\": {\"fields\": [\"status\"]}}]"}}, {"model": "admin.logentry", "pk": 10, "fields": {"action_time": "2020-04-05T08:03:34.884Z", "user": 1, "content_type": 9, "object_id": "109", "object_repr": "Jhaisy Jade Yu . Love Joy Ramos", "action_flag": 2, "change_message": "[{\"changed\": {\"fields\": [\"status\"]}}]"}}, {"model": "admin.logentry", "pk": 11, "fields": {"action_time": "2020-04-05T08:03:34.894Z", "user": 1, "content_type": 9, "object_id": "108", "object_repr": "John Albert Vargas . Love Joy Ramos", "action_flag": 2, "change_message": "[{\"changed\": {\"fields\": [\"status\"]}}]"}}, {"model": "admin.logentry", "pk": 12, "fields": {"action_time": "2020-04-05T08:03:34.905Z", "user": 1, "content_type": 9, "object_id": "107", "object_repr": "Lorenzo Tradel III . Love Joy Ramos", "action_flag": 2, "change_message": "[{\"changed\": {\"fields\": [\"status\"]}}]"}}, {"model": "admin.logentry", "pk": 13, "fields": {"action_time": "2020-04-05T08:03:34.915Z", "user": 1, "content_type": 9, "object_id": "106", "object_repr": "Aissa Zarina Tobias . Love Joy Ramos", "action_flag": 2, "change_message": "[{\"changed\": {\"fields\": [\"status\"]}}]"}}, {"model": "admin.logentry", "pk": 14, "fields": {"action_time": "2020-04-05T08:03:34.925Z", "user": 1, "content_type": 9, "object_id": "105", "object_repr": "Andy Tatel . Love Joy Ramos", "action_flag": 2, "change_message": "[{\"changed\": {\"fields\": [\"status\"]}}]"}}, {"model": "admin.logentry", "pk": 15, "fields": {"action_time": "2020-04-05T08:03:34.933Z", "user": 1, "content_type": 9, "object_id": "104", "object_repr": "Gerly Tamayo-Vapor . Love Joy Ramos", "action_flag": 2, "change_message": "[{\"changed\": {\"fields\": [\"status\"]}}]"}}, {"model": "admin.logentry", "pk": 16, "fields": {"action_time": "2020-04-05T08:03:34.940Z", "user": 1, "content_type": 9, "object_id": "103", "object_repr": "Thea Tablizo . Love Joy Ramos", "action_flag": 2, "change_message": "[{\"changed\": {\"fields\": [\"status\"]}}]"}}, {"model": "admin.logentry", "pk": 17, "fields": {"action_time": "2020-04-05T08:03:34.948Z", "user": 1, "content_type": 9, "object_id": "102", "object_repr": "Tim Ellery Sy . Love Joy Ramos", "action_flag": 2, "change_message": "[{\"changed\": {\"fields\": [\"status\"]}}]"}}, {"model": "admin.logentry", "pk": 18, "fields": {"action_time": "2020-04-05T08:03:34.953Z", "user": 1, "content_type": 9, "object_id": "101", "object_repr": "Angelo Sikay . Love Joy Ramos", "action_flag": 2, "change_message": "[{\"changed\": {\"fields\": [\"status\"]}}]"}}, {"model": "admin.logentry", "pk": 19, "fields": {"action_time": "2020-04-05T08:03:34.953Z", "user": 1, "content_type": 9, "object_id": "100", "object_repr": "Rodolfo Gerardo Leon III Serrano . Love Joy Ramos", "action_flag": 2, "change_message": "[{\"changed\": {\"fields\": [\"status\"]}}]"}}, {"model": "admin.logentry", "pk": 20, "fields": {"action_time": "2020-04-05T08:03:34.971Z", "user": 1, "content_type": 9, "object_id": "99", "object_repr": "Arman Serrano . Love Joy Ramos", "action_flag": 2, "change_message": "[{\"changed\": {\"fields\": [\"status\"]}}]"}}, {"model": "admin.logentry", "pk": 21, "fields": {"action_time": "2020-04-05T08:03:34.977Z", "user": 1, "content_type": 9, "object_id": "98", "object_repr": "John Eduardo Se\u00f1oran . Love Joy Ramos", "action_flag": 2, "change_message": "[{\"changed\": {\"fields\": [\"status\"]}}]"}}, {"model": "admin.logentry", "pk": 22, "fields": {"action_time": "2020-04-05T08:03:34.984Z", "user": 1, "content_type": 9, "object_id": "97", "object_repr": "Avegail Seco-Mijares . Love Joy Ramos", "action_flag": 2, "change_message": "[{\"changed\": {\"fields\": [\"status\"]}}]"}}, {"model": "admin.logentry", "pk": 23, "fields": {"action_time": "2020-04-05T08:03:34.992Z", "user": 1, "content_type": 9, "object_id": "96", "object_repr": "Joseph Sardeng . Love Joy Ramos", "action_flag": 2, "change_message": "[{\"changed\": {\"fields\": [\"status\"]}}]"}}, {"model": "admin.logentry", "pk": 24, "fields": {"action_time": "2020-04-05T08:05:13.197Z", "user": 1, "content_type": 8, "object_id": "7", "object_repr": "Employee Guide - Employee Self-Input", "action_flag": 1, "change_message": "[{\"added\": {}}]"}}, {"model": "admin.logentry", "pk": 25, "fields": {"action_time": "2020-04-05T08:30:15.084Z", "user": 1, "content_type": 8, "object_id": "8", "object_repr": "How to complete Manager Evaluation", "action_flag": 1, "change_message": "[{\"added\": {}}]"}}, {"model": "admin.logentry", "pk": 26, "fields": {"action_time": "2020-04-08T00:47:38.558Z", "user": 1, "content_type": 8, "object_id": "8", "object_repr": "How to complete Manager Evaluation", "action_flag": 3, "change_message": ""}}, {"model": "admin.logentry", "pk": 27, "fields": {"action_time": "2020-04-08T00:47:38.575Z", "user": 1, "content_type": 8, "object_id": "7", "object_repr": "Employee Guide - Employee Self-Input", "action_flag": 3, "change_message": ""}}, {"model": "admin.logentry", "pk": 28, "fields": {"action_time": "2020-04-08T00:47:38.583Z", "user": 1, "content_type": 8, "object_id": "6", "object_repr": "Docker and Windows", "action_flag": 3, "change_message": ""}}, {"model": "admin.logentry", "pk": 29, "fields": {"action_time": "2020-04-08T00:50:21.114Z", "user": 1, "content_type": 8, "object_id": "9", "object_repr": "Docker and Windows", "action_flag": 1, "change_message": "[{\"added\": {}}]"}}, {"model": "admin.logentry", "pk": 30, "fields": {"action_time": "2020-04-08T03:13:55.943Z", "user": 1, "content_type": 11, "object_id": "4", "object_repr": "WSJ", "action_flag": 1, "change_message": "[{\"added\": {}}]"}}, {"model": "admin.logentry", "pk": 31, "fields": {"action_time": "2020-04-08T03:26:16.706Z", "user": 1, "content_type": 7, "object_id": "615", "object_repr": "915002010", "action_flag": 2, "change_message": "[{\"changed\": {\"fields\": [\"section\"]}}]"}}, {"model": "admin.logentry", "pk": 32, "fields": {"action_time": "2020-04-08T04:34:24.577Z", "user": 1, "content_type": 11, "object_id": "2", "object_repr": "AppsDev CEBU", "action_flag": 2, "change_message": "[{\"changed\": {\"fields\": [\"name\"]}}]"}}, {"model": "admin.logentry", "pk": 33, "fields": {"action_time": "2020-04-08T04:34:30.896Z", "user": 1, "content_type": 11, "object_id": "1", "object_repr": "AppsDev MNL", "action_flag": 2, "change_message": "[{\"changed\": {\"fields\": [\"name\"]}}]"}}, {"model": "admin.logentry", "pk": 34, "fields": {"action_time": "2020-04-08T04:59:29.806Z", "user": 1, "content_type": 8, "object_id": "10", "object_repr": "Tech & Me Foundation", "action_flag": 1, "change_message": "[{\"added\": {}}]"}}, {"model": "admin.logentry", "pk": 35, "fields": {"action_time": "2020-04-09T04:27:45.998Z", "user": 1, "content_type": 8, "object_id": "11", "object_repr": "Basics of review and test Techniques for program development", "action_flag": 1, "change_message": "[{\"added\": {}}]"}}, {"model": "admin.logentry", "pk": 36, "fields": {"action_time": "2020-04-09T04:29:30.915Z", "user": 1, "content_type": 8, "object_id": "12", "object_repr": "Fujitsu Technology and Service Vision 2017", "action_flag": 1, "change_message": "[{\"added\": {}}]"}}, {"model": "admin.logentry", "pk": 37, "fields": {"action_time": "2020-04-09T04:30:15.807Z", "user": 1, "content_type": 8, "object_id": "13", "object_repr": "GDC_Agile Academy Foundation - Agile & Me (Ep 1)", "action_flag": 1, "change_message": "[{\"added\": {}}]"}}, {"model": "admin.logentry", "pk": 38, "fields": {"action_time": "2020-04-10T04:36:13.766Z", "user": 1, "content_type": 8, "object_id": "14", "object_repr": "Docker and Windows", "action_flag": 1, "change_message": "[{\"added\": {}}]"}}, {"model": "admin.logentry", "pk": 39, "fields": {"action_time": "2020-04-10T04:43:32.271Z", "user": 1, "content_type": 8, "object_id": "14", "object_repr": "Global Information Security Awareness Program FY 2018", "action_flag": 2, "change_message": "[{\"changed\": {\"fields\": [\"title\"]}}]"}}, {"model": "admin.logentry", "pk": 40, "fields": {"action_time": "2020-04-10T05:29:53.485Z", "user": 1, "content_type": 8, "object_id": "14", "object_repr": "The ABC of System development", "action_flag": 2, "change_message": "[{\"changed\": {\"fields\": [\"title\"]}}]"}}, {"model": "admin.logentry", "pk": 41, "fields": {"action_time": "2020-04-10T05:39:57.595Z", "user": 1, "content_type": 7, "object_id": "1068", "object_repr": "220005517", "action_flag": 2, "change_message": "[{\"changed\": {\"fields\": [\"status\"]}}]"}}, {"model": "admin.logentry", "pk": 42, "fields": {"action_time": "2020-04-10T05:57:34.436Z", "user": 1, "content_type": 8, "object_id": "15", "object_repr": "Basics of review and test Techniques for program development", "action_flag": 1, "change_message": "[{\"added\": {}}]"}}, {"model": "admin.logentry", "pk": 43, "fields": {"action_time": "2020-04-10T23:21:46.310Z", "user": 1, "content_type": 12, "object_id": "2", "object_repr": "Bootstrap", "action_flag": 2, "change_message": "[{\"changed\": {\"fields\": [\"Title\"]}}]"}}, {"model": "admin.logentry", "pk": 44, "fields": {"action_time": "2020-04-10T23:22:21.549Z", "user": 1, "content_type": 12, "object_id": "2", "object_repr": "Bootstrap", "action_flag": 2, "change_message": "[{\"changed\": {\"fields\": [\"Name\"]}}]"}}, {"model": "admin.logentry", "pk": 45, "fields": {"action_time": "2020-04-10T23:23:06.355Z", "user": 1, "content_type": 12, "object_id": "2", "object_repr": "Bootstrap", "action_flag": 2, "change_message": "[{\"changed\": {\"fields\": [\"Favicon\"]}}]"}}, {"model": "admin.logentry", "pk": 46, "fields": {"action_time": "2020-04-10T23:26:41.857Z", "user": 1, "content_type": 12, "object_id": "2", "object_repr": "Bootstrap", "action_flag": 2, "change_message": "[{\"changed\": {\"fields\": [\"Display\", \"Logo\"]}}]"}}, {"model": "admin.logentry", "pk": 47, "fields": {"action_time": "2020-04-10T23:35:44.264Z", "user": 1, "content_type": 12, "object_id": "2", "object_repr": "Bootstrap", "action_flag": 2, "change_message": "[{\"changed\": {\"fields\": [\"Logo\", \"Favicon\", \"Use dropdown\"]}}]"}}, {"model": "admin.logentry", "pk": 48, "fields": {"action_time": "2020-04-10T23:52:21.372Z", "user": 1, "content_type": 12, "object_id": "2", "object_repr": "Bootstrap", "action_flag": 2, "change_message": "[{\"changed\": {\"fields\": [\"Color\"]}}]"}}, {"model": "admin.logentry", "pk": 49, "fields": {"action_time": "2020-04-10T23:59:41.776Z", "user": 1, "content_type": 12, "object_id": "2", "object_repr": "Bootstrap", "action_flag": 2, "change_message": "[{\"changed\": {\"fields\": [\"Logo\"]}}]"}}, {"model": "admin.logentry", "pk": 50, "fields": {"action_time": "2020-04-11T00:01:51.257Z", "user": 1, "content_type": 12, "object_id": "2", "object_repr": "Bootstrap", "action_flag": 2, "change_message": "[{\"changed\": {\"fields\": [\"Color\"]}}]"}}, {"model": "admin.logentry", "pk": 51, "fields": {"action_time": "2020-04-11T00:02:22.876Z", "user": 1, "content_type": 12, "object_id": "2", "object_repr": "Bootstrap", "action_flag": 2, "change_message": "[{\"changed\": {\"fields\": [\"Background color\"]}}]"}}, {"model": "admin.logentry", "pk": 52, "fields": {"action_time": "2020-04-11T00:02:57.597Z", "user": 1, "content_type": 12, "object_id": "2", "object_repr": "Bootstrap", "action_flag": 2, "change_message": "[{\"changed\": {\"fields\": [\"Background color\"]}}]"}}, {"model": "admin.logentry", "pk": 53, "fields": {"action_time": "2020-04-11T00:04:27.002Z", "user": 1, "content_type": 12, "object_id": "2", "object_repr": "Bootstrap", "action_flag": 2, "change_message": "[{\"changed\": {\"fields\": [\"Text color\", \"Link color\", \"Link hover color\", \"Link color\", \"Link color\", \"Link hover color\", \"Background color\"]}}]"}}, {"model": "admin.logentry", "pk": 54, "fields": {"action_time": "2020-04-11T00:06:06.410Z", "user": 1, "content_type": 12, "object_id": "2", "object_repr": "Bootstrap", "action_flag": 2, "change_message": "[{\"changed\": {\"fields\": [\"Link color\", \"Link color\", \"Link hover color\"]}}]"}}, {"model": "admin.logentry", "pk": 55, "fields": {"action_time": "2020-04-11T00:06:34.124Z", "user": 1, "content_type": 12, "object_id": "2", "object_repr": "Bootstrap", "action_flag": 2, "change_message": "[{\"changed\": {\"fields\": [\"Link color\"]}}]"}}, {"model": "admin.logentry", "pk": 56, "fields": {"action_time": "2020-04-11T00:20:33.854Z", "user": 1, "content_type": 12, "object_id": "2", "object_repr": "Bootstrap", "action_flag": 2, "change_message": "[{\"changed\": {\"fields\": [\"Link color\"]}}]"}}, {"model": "admin.logentry", "pk": 57, "fields": {"action_time": "2020-04-11T00:21:07.794Z", "user": 1, "content_type": 12, "object_id": "2", "object_repr": "Bootstrap", "action_flag": 2, "change_message": "[{\"changed\": {\"fields\": [\"Link color\", \"Link color\"]}}]"}}, {"model": "admin.logentry", "pk": 58, "fields": {"action_time": "2020-04-11T00:22:28.835Z", "user": 1, "content_type": 12, "object_id": "2", "object_repr": "Bootstrap", "action_flag": 2, "change_message": "[{\"changed\": {\"fields\": [\"Text color\", \"Link color\", \"Link hover color\"]}}]"}}, {"model": "admin.logentry", "pk": 59, "fields": {"action_time": "2020-04-11T00:23:01.306Z", "user": 1, "content_type": 12, "object_id": "2", "object_repr": "Bootstrap", "action_flag": 2, "change_message": "[]"}}, {"model": "admin.logentry", "pk": 60, "fields": {"action_time": "2020-04-11T00:23:33.670Z", "user": 1, "content_type": 12, "object_id": "1", "object_repr": "default", "action_flag": 2, "change_message": "[{\"changed\": {\"fields\": [\"Name\"]}}]"}}, {"model": "admin.logentry", "pk": 61, "fields": {"action_time": "2020-04-11T00:23:42.385Z", "user": 1, "content_type": 12, "object_id": "1", "object_repr": "Default", "action_flag": 2, "change_message": "[{\"changed\": {\"fields\": [\"Name\"]}}]"}}, {"model": "admin.logentry", "pk": 62, "fields": {"action_time": "2020-04-11T00:23:59.877Z", "user": 1, "content_type": 12, "object_id": "1", "object_repr": "Default", "action_flag": 2, "change_message": "[]"}}, {"model": "admin.logentry", "pk": 63, "fields": {"action_time": "2020-04-11T00:24:07.832Z", "user": 1, "content_type": 12, "object_id": "2", "object_repr": "Bootstrap", "action_flag": 2, "change_message": "[{\"changed\": {\"fields\": [\"Active\"]}}]"}}, {"model": "admin.logentry", "pk": 64, "fields": {"action_time": "2020-04-11T00:24:07.850Z", "user": 1, "content_type": 12, "object_id": "1", "object_repr": "Default", "action_flag": 2, "change_message": "[{\"changed\": {\"fields\": [\"Active\"]}}]"}}, {"model": "admin.logentry", "pk": 65, "fields": {"action_time": "2020-04-11T00:24:46.408Z", "user": 1, "content_type": 12, "object_id": "2", "object_repr": "Bootstrap", "action_flag": 2, "change_message": "[{\"changed\": {\"fields\": [\"Active\"]}}]"}}, {"model": "admin.logentry", "pk": 66, "fields": {"action_time": "2020-04-11T00:24:46.433Z", "user": 1, "content_type": 12, "object_id": "1", "object_repr": "Default", "action_flag": 2, "change_message": "[{\"changed\": {\"fields\": [\"Active\"]}}]"}}, {"model": "admin.logentry", "pk": 67, "fields": {"action_time": "2020-04-11T00:25:03.155Z", "user": 1, "content_type": 12, "object_id": "2", "object_repr": "Bootstrap", "action_flag": 2, "change_message": "[{\"changed\": {\"fields\": [\"Background color\"]}}]"}}, {"model": "admin.logentry", "pk": 68, "fields": {"action_time": "2020-04-11T00:26:31.227Z", "user": 1, "content_type": 12, "object_id": "2", "object_repr": "Bootstrap", "action_flag": 2, "change_message": "[{\"changed\": {\"fields\": [\"Background color\"]}}]"}}, {"model": "admin.logentry", "pk": 69, "fields": {"action_time": "2020-04-11T00:26:49.479Z", "user": 1, "content_type": 12, "object_id": "2", "object_repr": "Bootstrap", "action_flag": 2, "change_message": "[{\"changed\": {\"fields\": [\"Color\"]}}]"}}, {"model": "admin.logentry", "pk": 70, "fields": {"action_time": "2020-04-11T00:27:03.446Z", "user": 1, "content_type": 12, "object_id": "2", "object_repr": "Bootstrap", "action_flag": 2, "change_message": "[{\"changed\": {\"fields\": [\"Background color\"]}}]"}}, {"model": "admin.logentry", "pk": 71, "fields": {"action_time": "2020-04-11T00:27:26.653Z", "user": 1, "content_type": 12, "object_id": "2", "object_repr": "Bootstrap", "action_flag": 2, "change_message": "[{\"changed\": {\"fields\": [\"Visible\"]}}]"}}, {"model": "admin.logentry", "pk": 72, "fields": {"action_time": "2020-04-11T00:27:50.651Z", "user": 1, "content_type": 12, "object_id": "2", "object_repr": "Bootstrap", "action_flag": 2, "change_message": "[{\"changed\": {\"fields\": [\"Color\"]}}]"}}, {"model": "admin.logentry", "pk": 73, "fields": {"action_time": "2020-04-11T00:27:53.767Z", "user": 1, "content_type": 12, "object_id": "2", "object_repr": "Bootstrap", "action_flag": 2, "change_message": "[]"}}, {"model": "admin.logentry", "pk": 74, "fields": {"action_time": "2020-04-11T00:28:21.397Z", "user": 1, "content_type": 12, "object_id": "2", "object_repr": "Bootstrap", "action_flag": 2, "change_message": "[{\"changed\": {\"fields\": [\"Visible in favicon (marker)\"]}}]"}}, {"model": "admin.logentry", "pk": 75, "fields": {"action_time": "2020-04-11T00:28:32.959Z", "user": 1, "content_type": 12, "object_id": "2", "object_repr": "Bootstrap", "action_flag": 2, "change_message": "[{\"changed\": {\"fields\": [\"Visible in header (marker and name)\", \"Visible in favicon (marker)\"]}}]"}}, {"model": "admin.logentry", "pk": 76, "fields": {"action_time": "2020-04-11T00:28:57.735Z", "user": 1, "content_type": 12, "object_id": "2", "object_repr": "Bootstrap", "action_flag": 2, "change_message": "[{\"changed\": {\"fields\": [\"Color\"]}}]"}}, {"model": "admin.logentry", "pk": 77, "fields": {"action_time": "2020-04-11T00:29:08.635Z", "user": 1, "content_type": 12, "object_id": "2", "object_repr": "Bootstrap", "action_flag": 2, "change_message": "[{\"changed\": {\"fields\": [\"Visible in favicon (marker)\"]}}]"}}, {"model": "admin.logentry", "pk": 78, "fields": {"action_time": "2020-04-11T00:29:23.587Z", "user": 1, "content_type": 12, "object_id": "2", "object_repr": "Bootstrap", "action_flag": 2, "change_message": "[{\"changed\": {\"fields\": [\"Logo\", \"Visible\"]}}]"}}, {"model": "admin.logentry", "pk": 79, "fields": {"action_time": "2020-04-11T00:30:09.608Z", "user": 1, "content_type": 12, "object_id": "2", "object_repr": "Bootstrap", "action_flag": 2, "change_message": "[{\"changed\": {\"fields\": [\"Link color\", \"Link hover color\"]}}]"}}, {"model": "admin.logentry", "pk": 80, "fields": {"action_time": "2020-04-11T00:30:57.178Z", "user": 1, "content_type": 12, "object_id": "2", "object_repr": "Bootstrap", "action_flag": 2, "change_message": "[]"}}, {"model": "admin.logentry", "pk": 81, "fields": {"action_time": "2020-04-11T02:57:01.814Z", "user": 1, "content_type": 12, "object_id": "2", "object_repr": "Bootstrap", "action_flag": 2, "change_message": "[{\"changed\": {\"fields\": [\"Link color\"]}}]"}}, {"model": "admin.logentry", "pk": 82, "fields": {"action_time": "2020-04-11T02:57:08.885Z", "user": 1, "content_type": 12, "object_id": "2", "object_repr": "Bootstrap", "action_flag": 2, "change_message": "[{\"changed\": {\"fields\": [\"Active\"]}}]"}}, {"model": "admin.logentry", "pk": 83, "fields": {"action_time": "2020-04-11T02:57:08.898Z", "user": 1, "content_type": 12, "object_id": "1", "object_repr": "Default", "action_flag": 2, "change_message": "[{\"changed\": {\"fields\": [\"Active\"]}}]"}}, {"model": "admin.logentry", "pk": 84, "fields": {"action_time": "2020-04-11T02:57:16.279Z", "user": 1, "content_type": 12, "object_id": "2", "object_repr": "Bootstrap", "action_flag": 2, "change_message": "[{\"changed\": {\"fields\": [\"Active\"]}}]"}}, {"model": "admin.logentry", "pk": 85, "fields": {"action_time": "2020-04-11T02:57:16.293Z", "user": 1, "content_type": 12, "object_id": "1", "object_repr": "Default", "action_flag": 2, "change_message": "[{\"changed\": {\"fields\": [\"Active\"]}}]"}}]